seed,log_loss,brier_score,roc_auc,accuracy,logloss_improvement_vs_baseline,brier_improvement_vs_baseline
4,0.6879555565683673,0.24739462238066476,0.532479848269322,0.549618320610687,0.004980548421867681,0.0024964603482685865
59,0.6896758766171294,0.24827003312140375,0.5171223855434381,0.5241730279898219,0.003260228373105578,0.0016210496075295955
41,0.6904398028500593,0.2486584575147837,0.5060060060060061,0.5419847328244275,0.002496302140175599,0.0012326252141496574
87,0.6905226309885001,0.24870220931903037,0.5042674253200569,0.5292620865139949,0.002413474001734861,0.0011888734099029796
56,0.6906210111705084,0.24873663894939893,0.5086665612981403,0.539440203562341,0.002315093819726499,0.0011544437795344142
86,0.6909718657735643,0.2489025291181543,0.5103261155892734,0.544529262086514,0.00196423921667066,0.0009885536107790416
57,0.6910445312376375,0.2489578554848099,0.5065328486381119,0.5165394402035624,0.0018915737525974086,0.0009332272441234524
27,0.6911575033271921,0.24899656648250862,0.5150413571466204,0.5190839694656488,0.0017786016630428891,0.0008945162464247258
98,0.6912463787215964,0.24906202771760638,0.5047942679521626,0.5139949109414759,0.0016897262686385028,0.0008290550113269624
24,0.6913091550086713,0.24908367607788692,0.49899899899899897,0.5216284987277354,0.0016269499815636523,0.0008074066510464217
23,0.6913934193255905,0.24914387324232776,0.49557452189031137,0.5267175572519084,0.0015426856646444387,0.0007472094866055878
54,0.6914103560072045,0.24912653153760753,0.5068489542173752,0.5241730279898219,0.0015257489830304838,0.0007645511913258185
19,0.6915186716266476,0.2491796852833589,0.5079816658764027,0.5419847328244275,0.0014174333635873504,0.000711397445574441
68,0.691652950504421,0.2492309980542214,0.5101417206680364,0.5419847328244275,0.0012831544858139532,0.0006600846747119582
40,0.6917110697895894,0.24928897018258198,0.4999473157367894,0.5292620865139949,0.0012250352006455412,0.0006021125463513688
6,0.6920540113952902,0.2494630958338873,0.49315104578262475,0.5292620865139949,0.0008820935949447328,0.00042798689504605636
3,0.6921766966672664,0.24953525453447487,0.48553816974869607,0.5063613231552163,0.0007594083229685022,0.0003558281944584796
91,0.6924378681444974,0.24964455466147367,0.4907539118065434,0.5318066157760815,0.0004982368457375763,0.0002465280674596726
34,0.6924896615349051,0.24967504504046883,0.49270322954533474,0.5139949109414759,0.00044644345532984797,0.00021603768846450988
85,0.6925588000693944,0.2497027644271159,0.488988988988989,0.5368956743002544,0.0003773049208405377,0.0001883183018174528
92,0.6927068848296019,0.2497937011580787,0.48664453927611817,0.5038167938931297,0.00022922016063309236,9.738157085464882e-05
76,0.6927586009021165,0.249806366678469,0.48919972604183126,0.5063613231552163,0.00017750408811845197,8.471605046433961e-05
80,0.6928174290125203,0.2498329373510363,0.49346715136188823,0.49872773536895676,0.000118675977714644,5.814537789705643e-05
47,0.6928712099514287,0.24985506726943066,0.5004214741056847,0.5139949109414759,6.489503880624525e-05,3.6015459502686253e-05
79,0.6929322314901407,0.24989217094846575,0.48925241030504185,0.5368956743002544,3.873500094231375e-06,-1.0882195324024568e-06
82,0.6929351891889589,0.24988336126061658,0.4947052315473368,0.5114503816793893,9.158012760357437e-07,7.72146831676257e-06
48,0.6929704674838609,0.24990540445613238,0.49902534113060426,0.544529262086514,-3.4362493625983426e-05,-1.4321727199034795e-05
0,0.6932409820292832,0.2500324577202483,0.493993993993994,0.5419847328244275,-0.0003048770390482458,-0.00014137499131494646
8,0.6932518526267385,0.25004990536852334,0.4957852589431536,0.5038167938931297,-0.0003157476365035494,-0.00015882263958999498
62,0.69339624720615,0.2501166190822026,0.4892260681734366,0.5241730279898219,-0.0004601422159150603,-0.00022553635326927335
49,0.6934081191316129,0.2501190270444751,0.4907539118065434,0.5368956743002544,-0.0004720141413779855,-0.00022794431554173933
44,0.693468155975683,0.2501507572313925,0.484800590063748,0.5063613231552163,-0.0005320509854480626,-0.0002596745024591729
20,0.6934907082339983,0.2501707877715622,0.4848796164585639,0.49872773536895676,-0.0005546032437633297,-0.00027970504262886386
60,0.693525374627013,0.25018909220181723,0.48804067225119857,0.5165394402035624,-0.0005892696367780781,-0.0002980094728838867
75,0.6935394916441799,0.2501794621937909,0.48424740530003685,0.5165394402035624,-0.0006033866539449928,-0.0002883794648575466
33,0.6935762663764913,0.2501982436627215,0.4953374427058638,0.5318066157760815,-0.0006401613862563327,-0.0003071609337881309
45,0.693602356234581,0.2502113032001232,0.49228175543965014,0.5216284987277354,-0.00066625124434605,-0.0003202204711898471
52,0.6936472211705578,0.2502345422839229,0.49570623254833784,0.5089058524173028,-0.0007111161803228239,-0.0003434595549895447
11,0.693710805441579,0.2502690585186194,0.48090195458616514,0.5114503816793893,-0.0007747004513440903,-0.00037797578968606915
77,0.6937903648163921,0.25030354155196666,0.4860123281175913,0.5216284987277354,-0.0008542598261571666,-0.0004124588230333126
17,0.6938055945840097,0.25032183012061404,0.4938622833359676,0.5318066157760815,-0.0008694895937747527,-0.000430747391680697
37,0.693864812905443,0.2503517881546383,0.48793530372477745,0.49872773536895676,-0.0009287079152080491,-0.00046070542570497697
35,0.6939094450101994,0.2503755071945014,0.47613402876560773,0.5165394402035624,-0.0009733400199644082,-0.0004844244655680674
42,0.6939495909839284,0.2503907134302889,0.4794531373478742,0.5190839694656488,-0.0010134859936934415,-0.0004996307013555579
39,0.6939630734672676,0.2503942978018824,0.490990990990991,0.5368956743002544,-0.0010269684770326526,-0.000503215072949037
94,0.6941040852576811,0.250471432577252,0.48811969864601445,0.5139949109414759,-0.0011679802674461337,-0.0005803498483186731
63,0.694153150286288,0.2504992060877525,0.48179758706074494,0.5165394402035624,-0.0012170452960530431,-0.000608123358819157
50,0.6941826966596992,0.25051146427200743,0.48698698698698695,0.5139949109414759,-0.001246591669464281,-0.0006203815430740889
43,0.6942106306286693,0.2505244212575525,0.48382593119435224,0.4910941475826972,-0.0012745256384343318,-0.0006333385286191318
28,0.6942722686764665,0.250542502509029,0.48588061745956485,0.5216284987277354,-0.0013361636862315729,-0.0006514197800956412
71,0.694357888002918,0.250582666397712,0.48401032611558925,0.544529262086514,-0.001421783012683031,-0.0006915836687786392
15,0.6945000260713022,0.25064951904316235,0.4893314366998578,0.5318066157760815,-0.0015639210810672877,-0.0007584363142290051
72,0.6945165809480861,0.25065912880116437,0.48754017175069814,0.5216284987277354,-0.0015804759578511574,-0.0007680460722310212
65,0.6945285944109137,0.2506708733050698,0.49388862546757284,0.5343511450381679,-0.0015924894206787998,-0.0007797905761364743
70,0.6945531791399259,0.2506837617746066,0.4880406722511986,0.5165394402035624,-0.0016170741496909224,-0.0007926790456732613
46,0.6945547093284592,0.2506832865103417,0.48414203677361567,0.5012722646310432,-0.0016186043382242499,-0.0007922037814083738
55,0.6946008898221914,0.25072018064226725,0.47529108055423847,0.5114503816793893,-0.001664784831956423,-0.0008290979133339094
1,0.6946279108897226,0.25073545407585424,0.48061219113850695,0.5114503816793893,-0.0016918058994876972,-0.0008443713469208913
95,0.6946371136514305,0.25073338502885534,0.47679258205574,0.5165394402035624,-0.0017010086611956021,-0.0008423022999219931
51,0.6946821813988522,0.250775608942762,0.47655550287129245,0.5063613231552163,-0.0017460764086172365,-0.0008845262138286736
12,0.6946941561525719,0.25075543183344257,0.4830883515094041,0.4910941475826972,-0.00175805116233696,-0.0008643491045092211
69,0.6947091986231445,0.2507482286870878,0.48996364785838475,0.5292620865139949,-0.0017730936329095615,-0.0008571459581544483
7,0.6947462157354126,0.25078883587638157,0.47897897897897895,0.5216284987277354,-0.0018101107451776732,-0.0008977531474482214
13,0.6947826994012719,0.25078640014847525,0.4894894894894895,0.5216284987277354,-0.0018465944110369614,-0.0008953174195419078
89,0.6948129569419088,0.2508224667390739,0.4810600073757969,0.5165394402035624,-0.0018768519516738635,-0.0009313840101405346
5,0.6948527688690518,0.250846950612892,0.47847847847847846,0.49872773536895676,-0.0019166638788168378,-0.0009558678839586277
58,0.6948681339080907,0.25085168617821324,0.47947947947947955,0.5063613231552163,-0.0019320289178557104,-0.0009606034492798954
73,0.6949594147866723,0.25089342380873975,0.48580159106474907,0.5114503816793893,-0.002023309796437389,-0.0010023410798064014
32,0.6949893836737552,0.25090126872311397,0.48509035351140617,0.5114503816793893,-0.002053278683520232,-0.0010101859941806235
18,0.6950130627107485,0.2509091313215478,0.48045413834887524,0.5318066157760815,-0.002076957720513528,-0.0010180485926144511
84,0.6950205159106215,0.25092073219433453,0.47887361045255783,0.5089058524173028,-0.0020844109203865813,-0.0010296494654011834
14,0.6950257395541559,0.25093198217650775,0.47531742268584376,0.5190839694656488,-0.0020896345639209724,-0.001040899447574406
25,0.6950545594378189,0.25093561048000745,0.4778199251883462,0.5267175572519084,-0.0021184544475839617,-0.0010445277510741091
83,0.6950839203570969,0.25091805117761845,0.49020072704283235,0.55470737913486,-0.002147815366861927,-0.001026968448685106
81,0.69511692017401,0.25097275436817384,0.4787418997945313,0.5114503816793893,-0.002180815183774998,-0.0010816716392405001
21,0.6951499728383408,0.2509840538850284,0.48179758706074505,0.49363867684478374,-0.002213867848105844,-0.0010929711560950794
61,0.6951619387843321,0.2509908232101859,0.48250882461408773,0.5012722646310432,-0.0022258337940971318,-0.0010997404812525535
99,0.6951791159415791,0.25098553640138904,0.48379958906274695,0.5267175572519084,-0.00224301095134416,-0.0010944536724556975
16,0.6952195169126859,0.2510118329460481,0.48408935251040514,0.5165394402035624,-0.002283411922450962,-0.0011207502171147743
78,0.6953276943235955,0.2510862536037823,0.4770296612401876,0.5038167938931297,-0.0023915893333605887,-0.0011951708748489387
36,0.6953798060309426,0.25109587725068605,0.4769506348453717,0.5241730279898219,-0.00244370104070768,-0.0012047945217527056
67,0.6954310954669364,0.251128526274551,0.4734998156050788,0.5139949109414759,-0.002494990476701431,-0.001237443545617667
97,0.6955479388430835,0.2512011180144837,0.4743427638164481,0.5063613231552163,-0.0026118338528485774,-0.0013100352855503483
64,0.695611969367417,0.25120611993983866,0.48332543069385175,0.5063613231552163,-0.0026758643771820356,-0.0013150372109053121
53,0.6956853876942111,0.2512518981855895,0.4756598703967125,0.5114503816793893,-0.002749282703976119,-0.0013608154566561725
26,0.6958701572887657,0.25136370776772127,0.4638585954375428,0.48346055979643765,-0.0029340522985307205,-0.0014726250387879225
31,0.6959542109258945,0.25138954938989183,0.47392128971076336,0.5012722646310432,-0.003018105935659543,-0.0014984666609584862
22,0.6960557390567645,0.25142562433563403,0.4687318897845214,0.539440203562341,-0.0031196340665295974,-0.00153454160670069
2,0.6960935294632761,0.25145172595319926,0.4778199251883462,0.5165394402035624,-0.003157424473041126,-0.0015606432242659118
74,0.6963065001466319,0.2515760104700847,0.46520204414941263,0.5216284987277354,-0.0033703951563969214,-0.0016849277411513652
96,0.6963943893066156,0.25160673487319957,0.4698646014435488,0.5063613231552163,-0.003458284316380622,-0.001715652144266222
9,0.6964231068638497,0.2516211416012057,0.46833675781044204,0.5139949109414759,-0.0034870018736147257,-0.0017300588722723442
66,0.6964938777512891,0.2516456976817123,0.47718771402981935,0.5063613231552163,-0.0035577727610541787,-0.0017546149527789545
93,0.6966131482115997,0.2517078193621825,0.47176123491912964,0.5012722646310432,-0.003677043221364751,-0.0018167366332491608
38,0.696618821105479,0.25172131387817953,0.4629102786997523,0.5063613231552163,-0.003682716115244067,-0.0018302311492461865
90,0.6969665855106995,0.2518932230535546,0.45951214372267,0.5063613231552163,-0.004030480520464508,-0.00200214032462126
30,0.6974943748775445,0.2521388553288933,0.467967967967968,0.5139949109414759,-0.004558269887309563,-0.002247772599959952
10,0.6976990049416582,0.2522601271616327,0.4598809335651441,0.5139949109414759,-0.004762899951423205,-0.002369044432699363
88,0.6977810951725325,0.2522949600519219,0.4608292503029345,0.4910941475826972,-0.004844990182297559,-0.002403877322988579
29,0.6982465576035866,0.25252674029619704,0.4617248827775144,0.5063613231552163,-0.005310452613351613,-0.002635657567263694
