date,target,same_session_return,baseline_prob,baseline_C,ziping_prob,ziping_C
2025-01-02,0,-0.0266134568583756,0.497938522168787,0.01,0.4818876813991671,0.01
2025-01-03,0,-0.0156720441395579,0.5588657040744608,0.01,0.5656496413902711,0.01
2025-01-06,0,-0.0014034246426046,0.521934809243072,0.01,0.5537606908402805,0.01
2025-01-07,1,0.0070849845786755,0.4879443315720373,0.01,0.4859912195549153,0.01
2025-01-08,1,0.0001622469844975,0.4784831860081827,0.01,0.4997319132787124,0.01
2025-01-09,0,-0.0058123911821305,0.4589589763973258,0.01,0.4565361617267666,0.01
2025-01-10,0,-0.0133490357611167,0.5217165115783368,0.01,0.5104354575340746,0.01
2025-01-13,0,-0.0024519302994074,0.5203170394936683,0.01,0.526774678697025,0.01
2025-01-14,1,0.0253689387503934,0.5046224837016954,0.01,0.4865802388974458,0.01
2025-01-15,0,-0.0042651206131554,0.5129711004405181,0.01,0.501666770821595,0.01
2025-01-16,1,0.0027625276678844,0.4666647141144811,0.01,0.4771204840065717,0.01
2025-01-17,1,0.0017889192690305,0.5069207501029421,0.01,0.505973011335017,0.01
2025-01-20,1,0.0007887542217785,0.50561421183992,0.01,0.4834981135864368,0.01
2025-01-21,0,-0.0005409357356017,0.4944252929230446,0.01,0.4956814911862618,0.01
2025-01-22,0,-0.0089430686206815,0.4861677292112588,0.01,0.5073881915701232,0.01
2025-01-23,1,0.0051468373400249,0.4672876793565305,0.01,0.4746362138928446,0.01
2025-01-24,1,0.0069538264930202,0.5057269097709781,0.01,0.4916849030721824,0.01
2025-01-27,0,-0.0006225738833791,0.5226796608737498,0.01,0.5221279426743658,0.01
2025-02-05,0,-0.0064951065972108,0.5030178266450169,0.01,0.5155402270235808,0.01
2025-02-06,1,0.0127484604370724,0.4850669056176618,0.01,0.4700882385690096,0.01
2025-02-07,1,0.0100921557398676,0.5500466530861511,0.01,0.5890360671796697,0.01
2025-02-10,1,0.0056007460800377,0.5794843686242227,0.01,0.5926405604870131,0.01
2025-02-11,0,-0.00123804621678,0.5902801934661182,0.01,0.606706040840733,0.01
2025-02-12,1,0.0085375266307963,0.5522714445150838,0.01,0.5568060120868212,0.01
2025-02-13,0,-0.0041543337063727,0.5292852314853163,0.01,0.5347522276178903,0.01
2025-02-14,1,0.0042733901418252,0.570945371929921,0.01,0.5422575402787828,0.01
2025-02-17,1,0.0027208697221521,0.5765466365738132,0.01,0.5856316940365269,0.01
2025-02-18,0,-0.0093386732939392,0.578419119298105,0.01,0.5823365229539089,0.01
2025-02-19,1,0.0081359823203011,0.5674615939904196,0.01,0.5597346078287166,0.01
2025-02-20,0,-0.0002255680151715,0.5224775965147672,0.01,0.53576269504016,0.01
2025-02-21,1,0.0084547402801076,0.5608865866356906,0.01,0.5798238102634681,0.01
2025-02-24,0,-0.0018007684265072,0.5817731671715555,0.01,0.5918050613798209,0.01
2025-02-25,0,-0.0080011194689163,0.5828029324954772,0.01,0.5930187611852475,0.01
2025-02-26,1,0.0102132670260965,0.5638261765924197,0.01,0.5493352923179212,0.01
2025-02-27,1,0.0023217464929734,0.5208729948076825,0.01,0.5433007232862183,0.01
2025-02-28,0,-0.0198240173881115,0.5708090767719008,0.01,0.573421824059086,0.01
2025-03-03,0,-0.0011960623891676,0.5728809900662978,0.01,0.5882198453648113,0.01
2025-03-04,1,0.0021963113425838,0.5169928652882704,0.01,0.5304663568499267,0.01
2025-03-05,1,0.0053411186417224,0.4808516002527098,0.01,0.4761619659629632,0.01
2025-03-06,1,0.0117095780476454,0.4603386312979688,0.01,0.4279631300648063,0.01
2025-03-07,0,-0.0025293558483072,0.5349438639865282,0.01,0.5329119681893062,0.01
2025-03-10,0,-0.0018926354154991,0.5355237078533718,0.01,0.5004412307522853,0.01
2025-03-11,1,0.0040595182110907,0.5197944244473183,0.01,0.4978160933264889,0.01
2025-03-12,0,-0.0023385805431519,0.4994638558591086,0.01,0.4769104336341777,0.01
2025-03-13,0,-0.0039131961455833,0.460079354774341,0.01,0.4508683255149613,0.01
2025-03-14,1,0.0181119107853,0.5278726757554404,0.01,0.5100331695056054,0.01
2025-03-17,1,0.0019204213873005,0.544827321589433,0.01,0.5422529780376908,0.01
2025-03-18,1,0.0010595047647068,0.5225993296870667,0.01,0.4620737478703098,0.01
2025-03-19,0,-0.0009709136997672,0.496291922428198,0.01,0.5055306449100042,0.01
2025-03-20,0,-0.0051018129953955,0.4612240379102943,0.01,0.4250003010167901,0.01
2025-03-21,0,-0.0129415291755696,0.5133040802297638,0.01,0.4963206705552765,0.01
2025-03-24,1,0.0015445055041396,0.5371326815977497,0.01,0.5184105712240709,0.01
2025-03-25,0,-1.5430138859295894e-05,0.5147604851629294,0.01,0.4999904588794081,0.01
2025-03-26,0,-0.0003795279254213,0.4847573554274346,0.01,0.4536070053827676,0.01
2025-03-27,1,0.0014996896426124,0.4523526874846011,0.01,0.4126612919956687,0.01
2025-03-28,0,-0.0066519471365534,0.50747248792135,0.01,0.4493389254025919,0.01
2025-03-31,0,-0.0046432630612474,0.5256575537806961,0.01,0.5083237047989638,0.01
2025-04-01,1,0.0038039467033761,0.534364778582757,0.01,0.5095269198172271,0.01
2025-04-02,1,0.0005053106899193,0.4970451210429049,0.01,0.4918134800252514,0.01
2025-04-03,0,-0.0024234902139531,0.459789932834144,0.01,0.44202818088171,0.01
2025-04-07,0,-0.073438483690045,0.525131345565159,0.01,0.4812401326890355,0.01
2025-04-08,1,0.0158152100901123,0.6461177841063731,0.01,0.6692659751520389,0.01
2025-04-09,1,0.013117265062474,0.4486538469285958,0.01,0.418315402699901,0.01
2025-04-10,1,0.0115563839701771,0.4356531978539423,0.01,0.4422647590412112,0.01
2025-04-11,1,0.0045256322204911,0.4843907024430925,0.01,0.4895702762310961,0.01
2025-04-14,1,0.0075908822945396,0.5060391819900986,0.01,0.5154469014480072,0.01
2025-04-15,1,0.0014876756462531,0.5044485278239281,0.01,0.5070503642413402,0.01
2025-04-16,1,0.0025528956177229,0.4729014112354705,0.01,0.4591253349883333,0.01
2025-04-17,1,0.0013238689574248,0.4444434999878481,0.01,0.3987532682614124,0.01
2025-04-18,0,-0.0011008001911996,0.5014499904485435,0.01,0.5122754172593577,0.01
2025-04-21,1,0.0044874005487178,0.4948868899658383,0.01,0.5010933287284579,0.01
2025-04-22,1,0.0025286850655368,0.4882324786117717,0.01,0.522410871802832,0.01
2025-04-23,0,-0.001030985008896,0.4690328182061176,0.01,0.5035866952227555,0.01
2025-04-24,1,0.0002830399031656,0.4407133572690821,0.01,0.4717751654200507,0.01
2025-04-25,0,-0.0006757068233045,0.4971938970209025,0.01,0.4918806995765676,0.01
2025-04-28,0,-0.002016655235413,0.4940574701712156,0.01,0.5001131741665998,0.01
2025-04-29,0,-0.0005352122527113,0.5052974871528906,0.01,0.4726921285237904,0.01
2025-04-30,0,-0.0023196836905607,0.4795478797422107,0.01,0.4873802098234299,0.01
2025-05-06,1,0.0113091337044388,0.5051297804793808,0.01,0.508031691738822,0.01
2025-05-07,1,0.0080066608084039,0.490449455116148,0.01,0.4635972455482738,0.01
2025-05-08,1,0.0027914852370787,0.4609491753475523,0.01,0.4328295945635231,0.01
2025-05-09,0,-0.0029824021269716,0.5685460144162475,0.01,0.5538726248937361,0.01
2025-05-12,1,0.008152605671037,0.5547510782508834,0.01,0.5657591205003959,0.01
2025-05-13,1,0.0016698102987464,0.5542222619254784,0.01,0.5815179748029278,0.01
2025-05-14,1,0.0086157367200108,0.522826935163826,0.01,0.5620640062323088,0.01
2025-05-15,0,-0.00679416959366,0.5215015213167948,0.01,0.5324487203224996,0.01
2025-05-16,0,-0.0039514070694662,0.5620769477060958,0.01,0.5650645113975655,0.01
2025-05-19,1,3.593210554431181e-05,0.5424677888590372,0.01,0.5272016781841641,0.01
2025-05-20,1,0.0038291558069987,0.5327654864528801,0.01,0.55338288853211,0.01
2025-05-21,1,0.0020991114274371,0.5146775012517161,0.01,0.5156273652671428,0.01
2025-05-22,0,-0.002180026178026,0.494344572077998,0.01,0.5067253762437792,0.01
2025-05-23,0,-0.0094127872731376,0.5416178863089621,0.01,0.5704434976238983,0.01
2025-05-26,0,-0.0004578344341668,0.5491645714168628,0.01,0.5620339707576263,0.01
2025-05-27,0,-0.0018381523580907,0.521279311728283,0.01,0.4959857046749988,0.01
2025-05-28,0,-0.0002260014182712,0.4943147976116205,0.01,0.4698060778841851,0.01
2025-05-29,1,0.0070402630951769,0.4662619220080582,0.01,0.4516496821717948,0.01
2025-05-30,0,-0.004744836099643,0.5362636904251121,0.01,0.5483155047747599,0.01
2025-06-03,1,0.0043283215140192,0.5355246872060956,0.01,0.5751887692513896,0.01
2025-06-04,1,0.0042317375257883,0.510764022869096,0.01,0.5218506844868601,0.01
2025-06-05,1,0.0023387219311161,0.477560667091382,0.01,0.480263370282075,0.01
2025-06-06,1,0.0003720340332833,0.5291127397324754,0.01,0.4914625215152351,0.01
2025-06-09,1,0.004257747629645,0.5287395867827421,0.01,0.5500202048693545,0.01
2025-06-10,0,-0.0043991185291248,0.5426629265105862,0.01,0.513392458122062,0.01
2025-06-11,1,0.0051701480966763,0.5270364985908205,0.01,0.5481608926190015,0.01
2025-06-12,1,0.0001005197635963,0.4903751841268182,0.01,0.5213244410452352,0.01
2025-06-13,0,-0.0075417511839273,0.527829088873972,0.01,0.5306381170211929,0.01
2025-06-16,1,0.0034743896646605,0.5561961311220406,0.01,0.5210354898662554,0.01
2025-06-17,0,-0.0003907069582724,0.5418572735262167,0.01,0.5784473543484144,0.01
2025-06-18,1,0.0004144765683464,0.4997997976546943,0.01,0.4338555948090085,0.01
2025-06-19,0,-0.0078791693482872,0.4726593396685455,0.01,0.4562007570215063,0.01
2025-06-20,0,-0.0006582179989459,0.5390217693398673,0.01,0.5125601114265912,0.01
2025-06-23,1,0.0064546659940265,0.5167209890840051,0.01,0.5128353320611291,0.01
2025-06-24,1,0.0115283320055523,0.5357825995663698,0.01,0.5575512733525528,0.01
2025-06-25,1,0.0103515032307519,0.5320612433333065,0.01,0.5460249938949003,0.01
2025-06-26,0,-0.0021762316498908,0.5202574924157661,0.01,0.4847365150284978,0.01
2025-06-27,0,-0.0070251791165487,0.5575558060840167,0.01,0.5920497975497546,0.01
2025-06-30,1,0.0058988495797738,0.5561339093723435,0.01,0.5259792409979116,0.01
2025-07-01,1,0.0038674078061191,0.5444215005199416,0.01,0.5668514555220493,0.01
2025-07-02,0,-0.0008546027225242,0.5128014282651884,0.01,0.5550911120439922,0.01
2025-07-03,1,0.0018406317949097,0.4864872278421038,0.01,0.4859854343128314,0.01
2025-07-04,1,0.0032266722832954,0.5320711049273916,0.01,0.5584956939461392,0.01
2025-07-07,1,0.0002326975142548,0.5419692410929521,0.01,0.5918250025175834,0.01
2025-07-08,1,0.0070103972587238,0.5389404564230545,0.01,0.5067254099637167,0.01
2025-07-09,0,-0.0012651984646064,0.5305520696041243,0.01,0.5253739960760132,0.01
2025-07-10,1,0.0047614548889938,0.4986189964385695,0.01,0.4831604776148425,0.01
2025-07-11,1,0.0001410384188653,0.5563004163666861,0.01,0.5579255338541168,0.01
2025-07-14,1,0.0026987243093439,0.5597924565008975,0.01,0.5588822734701826,0.01
2025-07-15,0,-0.0041626298069411,0.5629469411317718,0.01,0.576543509821852,0.01
2025-07-16,0,-0.0003486448926233,0.5374721135260838,0.01,0.5054997769652436,0.01
2025-07-17,1,0.00372426669848,0.4893232844181406,0.01,0.5407509132620422,0.01
2025-07-18,1,0.0050207203882137,0.5399848282427162,0.01,0.5093428258459849,0.01
2025-07-21,1,0.0071603117061249,0.5489391947959169,0.01,0.5495377051490415,0.01
2025-07-22,1,0.0061998021793974,0.5663735308013769,0.01,0.5865855582949264,0.01
2025-07-23,1,0.0001220036176725,0.5551770833827577,0.01,0.5841783637348702,0.01
2025-07-24,1,0.0065402152473077,0.5158135959236728,0.01,0.5130349720934914,0.01
2025-07-25,0,-0.0033480072118603,0.5760236013462738,0.01,0.580611832755588,0.01
2025-07-28,1,0.001191544541699,0.5717055905289047,0.01,0.54013573835519,0.01
2025-07-29,1,0.0032724308402287,0.5602393528228498,0.01,0.5524158663892833,0.01
2025-07-30,1,0.0016638451111461,0.5321729634846228,0.01,0.5204816120992883,0.01
2025-07-31,0,-0.0117567276421246,0.5042300674058824,0.01,0.5157092901286356,0.01
2025-08-01,0,-0.0037098316134968,0.5691613179603483,0.01,0.5922118815903179,0.01
2025-08-04,1,0.0065610435196878,0.5445874467434634,0.01,0.5575092198527303,0.01
2025-08-05,1,0.009569088236599,0.5387189493864025,0.01,0.5065454042598284,0.01
2025-08-06,1,0.0045325655310513,0.5172668641814862,0.01,0.5729795001000945,0.01
2025-08-07,1,0.0015608166769629,0.4954773536210233,0.01,0.4668043891214222,0.01
2025-08-08,0,-0.0012470921103495,0.5429036028916076,0.01,0.5479682902976686,0.01
2025-08-11,1,0.0034163858879245,0.5457603644003434,0.01,0.5862243427971403,0.01
2025-08-12,1,0.0050365355127706,0.5471649615988307,0.01,0.5704453128309839,0.01
2025-08-13,1,0.0047865227754684,0.5316726798944827,0.01,0.5419806998719829,0.01
2025-08-14,0,-0.0046211922741222,0.5077496008070777,0.01,0.5120513670947451,0.01
2025-08-15,1,0.0082717773056884,0.5564799809246133,0.01,0.5488640833583893,0.01
2025-08-18,1,0.0084549462219867,0.5654819333013714,0.01,0.5784356355943132,0.01
2025-08-19,0,-0.0001982281780684,0.5685343170357878,0.01,0.5585598056981452,0.01
2025-08-20,1,0.0104424450163229,0.5393353546094185,0.01,0.539304108307534,0.01
2025-08-21,1,0.0012981219847008,0.5290210395544168,0.01,0.5699466672340956,0.01
2025-08-22,1,0.0144944484353235,0.5575891460968466,0.01,0.5722353920845977,0.01
2025-08-25,1,0.0151088973455986,0.5887736475981902,0.01,0.5823284155814242,0.01
2025-08-26,0,-0.0039087827103055,0.5956714224468785,0.01,0.6242351005434886,0.01
2025-08-27,0,-0.017586680943092,0.5651820174280611,0.01,0.55271023763209,0.01
2025-08-28,1,0.0113797413396135,0.540030608153344,0.01,0.5445147915774717,0.01
2025-08-29,1,0.0037282784849712,0.5661679669346201,0.01,0.5553746128974325,0.01
2025-09-01,1,0.0045628131377291,0.5456487461967078,0.01,0.5626136096427402,0.01
2025-09-02,0,-0.0044889344167121,0.5540383112382521,0.01,0.5659818718928156,0.01
2025-09-03,0,-0.0115537748439465,0.5317902180010051,0.01,0.5362766581053823,0.01
2025-09-04,0,-0.0125030253907308,0.4991259005945058,0.01,0.4946800918178884,0.01
2025-09-05,1,0.0123843695331444,0.5387859828517965,0.01,0.5689500917699981,0.01
2025-09-08,1,0.0037578878398871,0.536226113857359,0.01,0.4753451936353322,0.01
2025-09-09,0,-0.0051083909679027,0.5294824795534672,0.01,0.5531576315606705,0.01
2025-09-10,1,0.0012946209536857,0.5089189071843416,0.01,0.5296660841993536,0.01
2025-09-11,1,0.0165488831838449,0.4554193864230541,0.01,0.4934240694994556,0.01
2025-09-12,0,-0.0012156449975989,0.5333607251550948,0.01,0.5345569923603368,0.01
2025-09-15,0,-0.0026078657613113,0.5290176705737494,0.01,0.5494846766725022,0.01
2025-09-16,1,0.0003525446418395,0.5293042232284064,0.01,0.5166236303837883,0.01
2025-09-17,1,0.0037484479649081,0.4939199793706585,0.01,0.5175190132690957,0.01
2025-09-18,0,-0.0115276236017419,0.4652704439709688,0.01,0.4056996012499195,0.01
2025-09-19,0,-0.0030187991823901,0.5400051987646555,0.01,0.5628407083308116,0.01
2025-09-22,1,0.00222167598713,0.5218857489550156,0.01,0.5216328230857656,0.01
2025-09-23,0,-0.0017612292403232,0.5009412305457533,0.01,0.4786260759644185,0.01
2025-09-24,1,0.0083229696326343,0.4832136656624107,0.01,0.4919430617508791,0.01
2025-09-25,0,-8.822822670073727e-05,0.4786351104606947,0.01,0.4962084797432943,0.01
2025-09-26,0,-0.0065388074954934,0.5086677338544625,0.01,0.5073964346218419,0.01
2025-09-29,1,0.0089929589201551,0.5231163121045157,0.01,0.5094131962199341,0.01
2025-09-30,1,0.0052413805244848,0.5219115719716968,0.01,0.5427175146962424,0.01
2025-10-09,1,0.0131851507310361,0.4677155351468441,0.01,0.4785470547491423,0.01
2025-10-10,0,-0.0093910175263068,0.5493773654576835,0.01,0.5614983105893592,0.01
2025-10-13,0,-0.0019312152748196,0.5691480895876482,0.01,0.5849496278734881,0.01
2025-10-14,0,-0.0062406446892173,0.5629013470145887,0.01,0.575580524088967,0.01
2025-10-15,1,0.0121547778928494,0.5134787309979654,0.01,0.5244484299753408,0.01
2025-10-16,1,0.0010270409819512,0.4877825175545482,0.01,0.47666828803641,0.01
2025-10-17,0,-0.0195272083239279,0.5237289436425496,0.01,0.5218880219774317,0.01
2025-10-20,1,0.0062863385814979,0.5540228134076598,0.01,0.5660156304833263,0.01
2025-10-21,1,0.0135715455888658,0.5052156282557344,0.01,0.5083377304179374,0.01
2025-10-22,0,-0.0006572476490757,0.4983044352090033,0.01,0.5177781413968299,0.01
2025-10-23,1,0.002210662999603,0.4682349645415837,0.01,0.4739861649960972,0.01
2025-10-24,1,0.0071134838020503,0.5228108313724006,0.01,0.536209108847883,0.01
2025-10-27,1,0.0118048903479017,0.5346939333394269,0.01,0.5319463711081556,0.01
2025-10-28,0,-0.00218191643868,0.5487769883390495,0.01,0.5167402977875742,0.01
2025-10-29,1,0.0070474978336221,0.5199795773230783,0.01,0.5318241068748734,0.01
2025-10-30,0,-0.0073275833092442,0.4965405528278555,0.01,0.5167132783008909,0.01
2025-10-31,0,-0.0080541252466513,0.5458490124572196,0.01,0.5483422353194161,0.01
2025-11-03,1,0.005494855605481,0.5588026850032859,0.01,0.5671251250219638,0.01
2025-11-04,0,-0.0041078621237006,0.5521401929663161,0.01,0.5570118429378597,0.01
2025-11-05,1,0.0022882763587366,0.5254129560109467,0.01,0.5130223641382329,0.01
2025-11-06,1,0.0097025935391288,0.5021557367728088,0.01,0.4931565461838261,0.01
2025-11-07,0,-0.0025460606423538,0.5493753224080863,0.01,0.510953969363017,0.01
2025-11-10,1,0.0052634659777124,0.5550615987827069,0.01,0.5458471180275889,0.01
2025-11-11,0,-0.0039414253282925,0.5615277176741974,0.01,0.5981373632892107,0.01
2025-11-12,0,-0.0006540490331915,0.53110119334148,0.01,0.5480139670130211,0.01
2025-11-13,1,0.0073399931002415,0.4918025521739414,0.01,0.4933336686857231,0.01
2025-11-14,0,-0.009680851301439,0.5526295533600326,0.01,0.5466011050106074,0.01
2025-11-17,0,-0.0046252442054764,0.5774121527853988,0.01,0.5635972914355634,0.01
2025-11-18,0,-0.0081122145197611,0.5523771365288311,0.01,0.5564985735497724,0.01
2025-11-19,1,0.0017587129135316,0.5251455478102532,0.01,0.5429314430860915,0.01
2025-11-20,0,-0.0039756842479189,0.4672514471660964,0.01,0.4587115401707393,0.01
2025-11-21,0,-0.0244616516041129,0.521328664714118,0.01,0.561450781805235,0.01
2025-11-24,1,0.0004889317584255,0.581024887246824,0.01,0.5769532392254756,0.01
2025-11-25,1,0.0086679771453355,0.5013177238716293,0.01,0.4953695941784941,0.01
2025-11-26,0,-0.0015087765628266,0.4823623978316586,0.01,0.5085539936569994,0.01
2025-11-27,1,0.0028660643489026,0.4558816963483075,0.01,0.4423621245257964,0.01
2025-11-28,1,0.0034415764210855,0.5146245618036842,0.01,0.5279679585116981,0.01
2025-12-01,1,0.006534492140608,0.5123639176842124,0.01,0.5532279700903902,0.01
2025-12-02,0,-0.0041629982171718,0.518951663603965,0.01,0.5358908256266947,0.01
2025-12-03,0,-0.0050573259389098,0.4990230947812548,0.01,0.5042714149716856,0.01
2025-12-04,0,-0.0005691077875192,0.463855792620377,0.01,0.4608649131280317,0.01
2025-12-05,1,0.0069701864882876,0.4941082037005603,0.01,0.4878879209025383,0.01
2025-12-08,1,0.0054499222098549,0.5113914158755201,0.01,0.4952799440048234,0.01
2025-12-09,0,-0.0037094063879464,0.519220703999362,0.01,0.5119667006771067,0.01
2025-12-10,0,-0.0023087221404559,0.5043551844072194,0.01,0.4867057256249985,0.01
2025-12-11,0,-0.0069678317834449,0.4660299298757743,0.01,0.4912093657162923,0.01
2025-12-12,1,0.0041380542470306,0.5111774772537556,0.01,0.5511734924632107,0.01
2025-12-15,0,-0.0055086382132112,0.5253050848110068,0.01,0.5342404196207671,0.01
2025-12-16,0,-0.0111452638251918,0.5319169904128479,0.01,0.5334960670757216,0.01
2025-12-17,1,0.011887120203555,0.5105517542866467,0.01,0.501190524911993,0.01
2025-12-18,1,0.0015743055150043,0.4719944273926579,0.01,0.4621892130380748,0.01
2025-12-19,1,0.0036314893491875,0.503660985298645,0.01,0.4977736196661322,0.01
2025-12-22,1,0.006918483424017,0.5366225627154829,0.01,0.5657989415023261,0.01
2025-12-23,1,0.0006675407238132,0.5431990147386371,0.01,0.4773182401026157,0.01
2025-12-24,1,0.005349008247238,0.5121089471757326,0.01,0.5222324967986716,0.01
2025-12-25,1,0.0047384549957154,0.4869969430348259,0.01,0.4921786279452462,0.01
2025-12-26,1,0.0010248455597139,0.52760703023419,0.01,0.5296571757620374,0.01
2025-12-29,1,0.0004039176734544,0.5459317288798166,0.01,0.5492530931027259,0.01
2025-12-30,0,-4.135899608603832e-05,0.5457876164584079,0.01,0.5638579486372554,0.01
2025-12-31,1,0.0009391906819371,0.5156450079861835,0.01,0.5301229298316231,0.01
2026-01-05,1,0.013751373197206,0.5485675274856708,0.01,0.5580661850388746,0.01
2026-01-06,1,0.0149748335805113,0.5771147787358806,0.01,0.5503463289924014,0.01
2026-01-07,1,0.0005154680829755,0.5773041239070934,0.01,0.5907381200337942,0.01
2026-01-08,0,-0.0006835917422705,0.5324857734905758,0.01,0.5009775687939596,0.01
2026-01-09,1,0.0091714897382524,0.5723911102238123,0.01,0.5681251573000684,0.01
2026-01-12,1,0.0108874664901152,0.5871259905507186,0.01,0.5406010717793451,0.01
2026-01-13,0,-0.0063688288466077,0.5947625956643111,0.01,0.5867089294396525,0.01
2026-01-14,0,-0.0030603376519386,0.5744662654739837,0.01,0.533550350997923,0.01
2026-01-15,0,-0.0032699214486925,0.5344070030456249,0.01,0.5119011385816742,0.01
2026-01-16,0,-0.0025988419494135,0.5765433545111734,0.01,0.551647516192202,0.01
2026-01-19,1,0.0029466739055656,0.5615724253125953,0.01,0.5620547605572376,0.01
2026-01-20,0,-8.531842489056807e-05,0.5733792348678143,0.01,0.5574017198923461,0.01
2026-01-21,1,0.0008000196419284,0.5443795370655891,0.01,0.5254451801038094,0.01
2026-01-22,1,0.0013689779302104,0.5172782255095081,0.01,0.4710307371695026,0.01
2026-01-23,1,0.0032959974540189,0.5572646377826886,0.01,0.5449589791981807,0.01
2026-01-26,0,-0.0008604591113892,0.5721426890604105,0.01,0.5467222828082919,0.01
2026-01-27,1,0.0017661983180103,0.5699516495834535,0.01,0.5611150035823612,0.01
2026-01-28,1,0.002737744643354,0.5530042607014839,0.01,0.5244982863105339,0.01
2026-01-29,1,0.0016252982845115,0.5135793327653809,0.01,0.5146249134451558,0.01
2026-01-30,0,-0.009628942865354,0.5638738891275161,0.01,0.5507325942792035,0.01
2026-02-02,0,-0.0248186718239279,0.6058123243120879,0.01,0.6148293425469683,0.01
2026-02-03,1,0.0129470340006563,0.6007798373287528,0.01,0.5589807553181338,0.01
2026-02-04,1,0.0084725220749222,0.5179645921405804,0.01,0.5534281447429461,0.01
2026-02-05,0,-0.0064075342949957,0.4920477095820944,0.01,0.4935046107875032,0.01
2026-02-06,0,-0.002535380381887,0.5531431262494353,0.01,0.5670355104489487,0.01
2026-02-09,1,0.0141448348244273,0.5528817663581409,0.01,0.5391252177788395,0.01
2026-02-10,1,0.0012813205629755,0.5402749948982755,0.01,0.5530450428636556,0.01
2026-02-11,1,0.0008749209434322,0.5196023400150117,0.01,0.5009488687172513,0.01
2026-02-12,1,0.0004920153388747,0.4973774674288059,0.01,0.5152842701605559,0.01
2026-02-13,0,-0.0125652573355994,0.5413459739078224,0.01,0.6005263964921829,0.01
2026-02-24,1,0.0086563861057848,0.5651607248363477,0.01,0.6002693229345221,0.01
2026-02-25,1,0.0072429044576334,0.512988141666728,0.01,0.5172202371319725,0.01
2026-02-26,0,-0.0001446748444925,0.5035237352579691,0.01,0.5155947742934486,0.01
2026-02-27,1,0.0039190851561181,0.5529187782466544,0.01,0.5773815849867929,0.01
2026-03-02,1,0.0047344604050754,0.53832354129916,0.01,0.5418438035775169,0.01
2026-03-03,0,-0.0143248527049381,0.5387382468756176,0.01,0.520016129024165,0.01
2026-03-04,0,-0.0097514332923567,0.5382353484640996,0.01,0.5575189690075135,0.01
2026-03-05,1,0.0063914675267986,0.4986131660241354,0.01,0.5563912861676077,0.01
2026-03-06,1,0.0038035159217313,0.510337615098216,0.01,0.5579885177689543,0.01
2026-03-09,0,-0.0066902769365361,0.5304618126820232,0.01,0.5138609085284928,0.01
2026-03-10,1,0.0064775636002716,0.5423264798044708,0.01,0.5479988217329171,0.01
2026-03-11,1,0.002496884654358,0.525421947309024,0.01,0.5225873997410897,0.01
2026-03-12,0,-0.0010475553855596,0.483816179805822,0.01,0.5113193852036276,0.01
2026-03-13,0,-0.0081504384850656,0.5330234575177428,0.01,0.5487919359108193,0.01
2026-03-16,0,-0.0026036217274345,0.5596540265643225,0.01,0.6155731373941998,0.01
2026-03-17,0,-0.0085387582115684,0.5377363560055992,0.01,0.5522831106251834,0.01
2026-03-18,1,0.0032289630354473,0.5150258624080367,0.01,0.5335964380803274,0.01
2026-03-19,0,-0.0138892990964275,0.4662419421888716,0.01,0.4474497187312608,0.01
2026-03-20,0,-0.0123545133072028,0.5383714481677845,0.01,0.5487545399377451,0.01
2026-03-23,0,-0.0363325939783976,0.5340016636303592,0.01,0.5504424222606046,0.01
2026-03-24,1,0.017831616483749,0.5702716400089837,0.01,0.59972332914738,0.01
2026-03-25,1,0.0130261150960508,0.4719187624278662,0.01,0.5037556773446196,0.01
2026-03-26,0,-0.0108737949020281,0.4459246939209476,0.01,0.4981592399203509,0.01
2026-03-27,1,0.0063356821297766,0.5093224061288775,0.01,0.5243021073606501,0.01
2026-03-30,1,0.0024434528341803,0.5109860064633661,0.01,0.5186976481475813,0.01
2026-03-31,0,-0.0080101200855302,0.4932916577278217,0.01,0.4894128252761871,0.01
2026-04-01,1,0.0145665531220153,0.4938916077588937,0.01,0.5192624805726636,0.01
2026-04-02,0,-0.0074120842273319,0.4625757593882859,0.01,0.4760534965084523,0.01
2026-04-03,0,-0.0099987625293898,0.5092836284432849,0.01,0.5418049960639318,0.01
2026-04-07,1,0.0025947804913124,0.510592562095922,0.01,0.5269477606532669,0.01
2026-04-08,1,0.0269482142788288,0.4627902676639026,0.01,0.4819796087854225,0.01
2026-04-09,0,-0.0072157733245423,0.4639298541141692,0.01,0.4624790342830026,0.01
2026-04-10,1,0.0050562620724119,0.5233594537990758,0.01,0.5645416077201533,0.01
2026-04-13,1,0.0005852655080935,0.5118842183342862,0.01,0.5511365699850881,0.01
2026-04-14,1,0.0095443014743674,0.5076850369598355,0.01,0.524421882853541,0.01
2026-04-15,1,0.0001450345773359,0.4938363909397877,0.01,0.5089177186911167,0.01
2026-04-16,1,0.0070363849910981,0.4664650103364432,0.01,0.4736893688854869,0.01
2026-04-17,0,-0.0010163857057999,0.5290066121988761,0.01,0.552950041318622,0.01
2026-04-20,1,0.0075780743812361,0.5332841825934851,0.01,0.5681209008021187,0.01
2026-04-21,1,0.0007226624747345,0.5408650007402315,0.01,0.5888224940120375,0.01
2026-04-22,1,0.0051849695856405,0.5341046961456496,0.01,0.5041802060196753,0.01
2026-04-23,0,-0.0031678477095203,0.5135476547194385,0.01,0.5491028152454035,0.01
2026-04-24,0,-0.0032614670494105,0.5595247264546226,0.01,0.5782418115342821,0.01
2026-04-27,1,0.0015794504767272,0.5686858116859013,0.01,0.5829216951547354,0.01
2026-04-28,0,-0.0018860379840757,0.553257066256309,0.01,0.5776649982619114,0.01
2026-04-29,1,0.0070800613047936,0.5349027907047236,0.01,0.5532302950045843,0.01
2026-04-30,1,0.0011308543318415,0.5183645540259405,0.01,0.5536550579836442,0.01
2026-05-06,1,0.0116763481178623,0.5405352290290579,0.01,0.4846039013872313,0.01
2026-05-07,1,0.0047877805111036,0.5263748937012496,0.01,0.4876444698187288,0.01
2026-05-08,0,-3.349208581993057e-05,0.5746550320674202,0.01,0.5566355626084714,0.01
2026-05-11,1,0.0107821812307891,0.5803598322425483,0.01,0.5622138322048686,0.01
2026-05-12,0,-0.0024927686749959,0.5872020176758712,0.01,0.5364852171521596,0.01
2026-05-13,1,0.0066634412855273,0.5564852022986183,0.01,0.5363998046934559,0.01
2026-05-14,0,-0.0152393406641067,0.5326437425423571,0.01,0.5311813941016157,0.01
2026-05-15,0,-0.0101794721677159,0.580137220611036,0.01,0.5763071390853068,0.01
2026-05-18,0,-0.0009336485636538,0.5696368904888315,0.01,0.5522905499098822,0.01
2026-05-19,1,0.0091999860584266,0.5399860367529302,0.01,0.531132094113442,0.01
2026-05-20,0,-0.0017635047336177,0.5257066788911579,0.01,0.5210034359359212,0.01
2026-05-21,0,-0.0203998620916658,0.4947878928223059,0.01,0.4845655244665521,0.01
2026-05-22,1,0.008736958514224,0.5707696810344738,0.01,0.5204519808100357,0.01
2026-05-25,1,0.009645019329427,0.5349606619844189,0.01,0.5269959702582411,0.01
2026-05-26,0,-0.0017329031739149,0.5298988543819081,0.01,0.4759491691595147,0.01
2026-05-27,0,-0.0124587099882205,0.5225460940431259,0.01,0.4943763460309532,0.01
2026-05-28,1,0.0011991517753873,0.5104740250418628,0.01,0.4917055268324324,0.01
2026-05-29,0,-0.0073358551479079,0.5190665372800073,0.01,0.5121586085059299,0.01
2026-06-01,0,-0.0026616237797614,0.5342395336385731,0.01,0.4853598254976781,0.01
2026-06-02,1,0.0042787364394958,0.526788544632481,0.01,0.5128011524051395,0.01
2026-06-03,1,0.002177123419242,0.5059586146912405,0.01,0.5048406077881498,0.01
2026-06-04,0,-0.0064136059632113,0.473823940683443,0.01,0.4679904851152869,0.01
2026-06-05,0,-0.0074042931345974,0.5265046369329952,0.01,0.472805196483712,0.01
2026-06-08,0,-0.0169817485555159,0.5351356924024684,0.01,0.5120847538329754,0.01
2026-06-09,1,0.0128034029931265,0.5568140332002262,0.01,0.5985612986889653,0.01
2026-06-10,0,-0.0041907406700845,0.4888250497179624,0.01,0.5295618436001052,0.01
2026-06-11,0,-0.0015553840428766,0.4536354324899658,0.01,0.4437104349140648,0.01
2026-06-12,1,0.0111607305214553,0.5002050615943863,0.01,0.5076661503627231,0.01
2026-06-15,1,0.0161128092604438,0.5329501977285482,0.01,0.5042246066915588,0.01
2026-06-16,0,-0.0011180352264094,0.5430093010420213,0.01,0.5709681748685149,0.01
2026-06-17,1,0.0039551386009211,0.5062443862243674,0.01,0.5208095660735479,0.01
2026-06-18,0,-0.0042830268962891,0.4770029552077834,0.01,0.4441006830944928,0.01
2026-06-22,1,0.017752435471525,0.5377815664717719,0.01,0.5455053894191434,0.01
2026-06-23,0,-0.0136544980815963,0.555722467534262,0.01,0.5607683131840336,0.01
2026-06-24,1,0.001110745273305,0.535052558083613,0.01,0.5648022160887698,0.01
2026-06-25,1,0.0023031940397191,0.4696484192735822,0.01,0.47392189426278,0.01
2026-06-26,0,-0.0225751593155904,0.5159573514727397,0.01,0.5359056766706555,0.01
2026-06-29,1,0.0115803156732918,0.5581243977127373,0.01,0.5940664082977114,0.01
2026-06-30,1,0.0050308033919324,0.5319485611444686,0.01,0.5636812767308779,0.01
2026-07-01,1,0.0044079750937682,0.5064887826254912,0.01,0.498414558610486,0.01
2026-07-02,0,-0.0203141926518165,0.483189665511489,0.01,0.4949281506171348,0.01
2026-07-03,1,0.0036583150156965,0.5717259902193721,0.01,0.5796418911944234,0.01
2026-07-06,0,-0.0005947607145339,0.5193687187802459,0.01,0.5431821074823812,0.01
2026-07-07,0,-0.012620637537309,0.5115605100516607,0.01,0.5299794729585932,0.01
2026-07-08,0,-0.0048505915065152,0.5206766350715751,0.01,0.5214934851200786,0.01
2026-07-09,1,0.0165474655491981,0.460190361552498,0.01,0.4710286141551796,0.01
2026-07-10,0,-0.0100148937667159,0.5239257551551236,0.01,0.5574947190644368,0.01
2026-07-13,0,-0.0206117770000314,0.5397149899757452,0.01,0.5596363399683665,0.01
2026-07-14,1,0.0136266752925677,0.557848803900218,0.01,0.5655802429380041,0.01
2026-07-15,0,-0.0029109234241615,0.4997961180407516,0.01,0.5197035683893327,0.01
2026-07-16,0,-0.0184966647099361,0.4484762060967239,0.01,0.444606240184568,0.01
2026-07-17,0,-0.0304599227336195,0.5354967686299013,0.01,0.5368491091976102,0.01
2026-07-20,1,0.0085347176192265,0.5553815273293712,0.01,0.5658546148193676,0.01
2026-07-21,1,0.0179349210450965,0.4854401957015576,0.01,0.4806651934467921,0.01
2026-07-22,1,0.0006901518411681,0.4999065104373263,0.01,0.5149922272566864,0.01
2026-07-23,1,0.0025195020266177,0.4610165458148845,0.01,0.4857922710223083,0.01
2026-07-24,0,-0.0161420169382969,0.505018827392135,0.01,0.5153938426490668,0.01
2026-07-27,1,0.0115481681863396,0.5354351310052492,0.01,0.5395113437476929,0.01
2026-07-28,0,-0.0116451910130123,0.5010442959502428,0.01,0.5000931414086295,0.01
2026-07-29,1,0.0039739701545769,0.4996210450848902,0.01,0.5109751938060619,0.01
2026-07-30,0,-0.0062103154028411,0.4455725607061075,0.01,0.4786301570739535,0.01
2026-07-31,1,0.0072460511268583,0.5129863822718745,0.01,0.5092447491449635,0.01
2026-08-03,0,-0.0058970393986632,0.5066409975609305,0.01,0.5146522204417185,0.01
2026-08-04,1,0.0033131539456376,0.5196616905245817,0.01,0.5381660722652635,0.01
2026-08-05,1,0.0146888575812635,0.4926568965352716,0.01,0.490109459338753,0.01
2026-08-06,1,0.0056522871368054,0.4874800524107535,0.01,0.4906851610140606,0.01
2026-08-07,1,0.0101747226916955,0.5268214135352357,0.01,0.5322717487239248,0.01
2026-08-10,1,0.0067402920327905,0.5473007010496286,0.01,0.5470470769802438,0.01
2026-08-11,0,-0.0081936795144651,0.5442299082273714,0.01,0.5713005979146305,0.01
2026-08-12,1,0.0031981958738647,0.5205873494382142,0.01,0.5339393246904728,0.01
2026-08-13,0,-0.0049940772929111,0.4701058833073618,0.01,0.488435352338635,0.01
2026-08-14,1,5.373106202877232e-05,0.5217428444605088,0.01,0.508139941869467,0.01
2026-08-17,1,0.0141266905277481,0.5407529358866278,0.01,0.5559765262896073,0.01
