branch,shift_sessions,log_loss,brier_score,roc_auc,accuracy,logloss_improvement_vs_baseline,brier_improvement_vs_baseline
cycle,5,0.6947852911654671,0.25080234280614905,0.49278225594015057,0.5114503816793893,-0.0021274860223500225,-0.001044260965448851
cycle,7,0.6906455345175463,0.24873234142888792,0.5175965439123333,0.5318066157760815,0.0020122706255707445,0.001025740411812276
cycle,11,0.6910742945169565,0.24895718211398593,0.5099573257467994,0.5343511450381679,0.001583510626160578,0.0008008997267142659
cycle,13,0.6942687539285616,0.25054304575724456,0.4952847584426532,0.5190839694656488,-0.0016109487854445437,-0.0007849639165443678
cycle,17,0.6912136925497979,0.24901161679727593,0.514277435330067,0.5368956743002544,0.0014441125933191135,0.0007464650434242659
cycle,19,0.6903250030115976,0.24858823630559687,0.5160160160160161,0.5292620865139949,0.002332802131519429,0.0011698455351033255
cycle,23,0.6924525911435057,0.2496507767141582,0.5037669248195564,0.5267175572519084,0.00020521399961137554,0.00010730512654200108
cycle,29,0.6902825908233557,0.2485640096685119,0.520388809862494,0.5318066157760815,0.0023752143197612874,0.0011940721721883096
cycle,31,0.6921364111159768,0.2494989256470877,0.5013171065802645,0.5165394402035624,0.0005213940271402429,0.00025915619361249753
cycle,37,0.6900243337412004,0.24844979327862496,0.51364522417154,0.5318066157760815,0.0026334714019166094,0.0013082885620752382
cycle,41,0.691940288609634,0.2494066536465824,0.5024761603708972,0.5190839694656488,0.0007175165334830647,0.00035142819411779214
cycle,47,0.6931760888324443,0.25000636286095257,0.49926242031505186,0.5318066157760815,-0.0005182836893272702,-0.0002482810202523722
cycle,53,0.6917527448581446,0.24931078233323833,0.5061377166640325,0.5343511450381679,0.0009050602849723921,0.0004472995074618624
cycle,59,0.6926934310534579,0.24976497276546172,0.5021073705284231,0.5165394402035624,-3.562591034089735e-05,-6.890924761526751e-06
cycle,61,0.6944228947370212,0.2506351304717725,0.4896475422791212,0.5114503816793893,-0.001765089593904201,-0.0008770486310722969
cycle,67,0.6931121734409196,0.24996179336360727,0.49984194721036834,0.5216284987277354,-0.0004543682978025432,-0.00020371152290707406
cycle,71,0.696486200401651,0.2516652248409624,0.4737632369211317,0.48346055979643765,-0.0038283952585339565,-0.0019071430002621792
cycle,73,0.6950199197006331,0.25091817439705566,0.48856751488330435,0.5190839694656488,-0.002362114557516115,-0.0011600925563554632
cycle,79,0.6963129395607897,0.2515697133086362,0.474342763816448,0.5089058524173028,-0.003655134417672623,-0.0018116314679360035
cycle,83,0.6963299300363368,0.25157025005508343,0.47858384700489964,0.5063613231552163,-0.0036721248932197748,-0.0018121682143832363
cycle,89,0.6937853252494937,0.2503012704973579,0.49188662346557094,0.5089058524173028,-0.0011275201063766227,-0.0005431886566577004
cycle,97,0.6929233497780293,0.2498777222707641,0.500263421316053,0.5063613231552163,-0.00026554463491224034,-0.00011964043006390535
cycle,101,0.6976138655235322,0.2522271099741546,0.4686001791264949,0.49872773536895676,-0.004956060380415184,-0.0024690281334543984
cycle,109,0.6902631725845749,0.24856818840721553,0.5128813023549865,0.539440203562341,0.002394632558542109,0.0011898934334846623
cycle,113,0.6926447818563458,0.24974831939612618,0.5003951319740794,0.5139949109414759,1.3023286771218778e-05,9.762444574012985e-06
cycle,127,0.6949281732836191,0.25087249145742857,0.48854117275169917,0.5419847328244275,-0.002270368140502077,-0.0011144096167283735
cycle,131,0.6926131418470288,0.2497242982666053,0.501001001001001,0.544529262086514,4.466329608820985e-05,3.378357409489219e-05
cycle,137,0.694615241744863,0.25072012579191455,0.48943680522627897,0.5216284987277354,-0.0019574366017459655,-0.000962043951214353
cycle,149,0.695155705132504,0.2509821557820514,0.48638111796006533,0.5241730279898219,-0.002497899989386987,-0.0012240739413512114
cycle,157,0.694179305649688,0.25050795703294765,0.48854117275169906,0.5292620865139949,-0.0015215005065709608,-0.0007498751922474511
cycle,167,0.6932685004939666,0.2500631795028717,0.4927295716769401,0.5038167938931297,-0.0006106953508495661,-0.00030509766217151624
cycle,181,0.6974526161906519,0.25214355578549613,0.46512301775459675,0.5216284987277354,-0.004794811047534875,-0.002385473944795935
cycle,197,0.6916647150525433,0.24926839627949732,0.5112744323270639,0.5368956743002544,0.0009930900905736895,0.0004896855612028794
cycle,211,0.6912794709255171,0.24907315606477434,0.49889363047257784,0.5318066157760815,0.0013783342175999191,0.0006849257759258542
cycle,227,0.6944032014933564,0.2506367792943382,0.48485327432695857,0.5139949109414759,-0.0017453963502394032,-0.0008786974536379999
cycle,241,0.6918378736320532,0.24935472565187566,0.5007902639481587,0.5267175572519084,0.0008199315110638539,0.00040335618882453295
ziping,5,0.6953090722663999,0.25105398533240986,0.47126073441862926,0.5139949109414759,-0.0026512671232828966,-0.0012959034917096601
ziping,7,0.6939880125938337,0.2504223908058592,0.4768189241873453,0.5216284987277354,-0.0013302074507166584,-0.0006643089651590106
ziping,11,0.6914159284034856,0.249128250486017,0.4974448132342869,0.539440203562341,0.0012418767396313868,0.0006298313546831968
ziping,13,0.6923297253657771,0.24958919882583422,0.4860913545124071,0.5419847328244275,0.0003280797773399513,0.00016888301486597812
ziping,17,0.6930149870152641,0.24991993145948815,0.4918866234655709,0.5165394402035624,-0.000357181872147061,-0.000161849618787957
ziping,19,0.6907749395500101,0.2488242551125221,0.5050313471366104,0.539440203562341,0.0018828655931069083,0.0009338267281780999
ziping,23,0.6961610306119118,0.25148760162215184,0.4717612349191297,0.5089058524173028,-0.0035032254687947795,-0.0017295197814516383
ziping,29,0.6944591836397741,0.25065224082029114,0.48019071703282235,0.5165394402035624,-0.001801378496657069,-0.0008941589795909421
ziping,31,0.6951916487161526,0.25100225822733735,0.47789895158316215,0.5038167938931297,-0.0025338435730355435,-0.0012441763866371525
ziping,37,0.6937088174494427,0.25027151131915887,0.4932037300458353,0.5190839694656488,-0.0010510123063256493,-0.0005134294784586713
ziping,41,0.6929606054788298,0.2499107463376166,0.4861176966440124,0.5165394402035624,-0.00030280033571272735,-0.00015266449691639372
ziping,47,0.692246021072335,0.24955023164749315,0.5005268426321058,0.539440203562341,0.0004117840707820175,0.00020785019320704312
ziping,53,0.6941917070772939,0.25052864449981865,0.48185027132395564,0.5343511450381679,-0.0015339019341769067,-0.0007705626591184567
ziping,59,0.696345734305774,0.25159008036098107,0.47613402876560773,0.49872773536895676,-0.003687929162656922,-0.0018319985202808753
ziping,61,0.6964951934922979,0.2516682253477505,0.4656762025183078,0.5038167938931297,-0.0038373883491809035,-0.0019101435070503214
ziping,67,0.6906685378033606,0.24878293780403035,0.5,0.5470737913486005,0.001989267339756462,0.000975144036669845
ziping,71,0.700769626036165,0.2537699989698843,0.43048311469364103,0.4910941475826972,-0.00811182089304796,-0.004011917129184084
ziping,73,0.6935864412775684,0.25022442802523254,0.4776882145303198,0.5368956743002544,-0.0009286361344513772,-0.0004663461845323402
ziping,79,0.6921848798177217,0.24952641734792888,0.48835677783046205,0.5267175572519084,0.0004729253253953347,0.0002316644927713163
ziping,83,0.6905221741979649,0.2486950861513484,0.5068752963489805,0.5419847328244275,0.0021356309451521227,0.0010629956893518089
ziping,89,0.6934672018721655,0.2501620691393156,0.4881987250408304,0.5267175572519084,-0.0008093967290484505,-0.0004039872986154047
ziping,97,0.692373917672077,0.24960769166631122,0.49728676044465525,0.5343511450381679,0.000283887471040023,0.00015039017438897573
ziping,101,0.6944599433654588,0.2506462811814544,0.4895158316210948,0.5267175572519084,-0.0018021382223417648,-0.0008881993407541811
ziping,109,0.6922653875554474,0.24955403361314676,0.494994994994995,0.5216284987277354,0.00039241758766961343,0.00020404822755343277
ziping,113,0.6934204860763836,0.2501367222076285,0.4827459037985354,0.5089058524173028,-0.0007626809332665907,-0.0003786403669283067
ziping,127,0.6903737745368924,0.24861155613541802,0.5092460881934566,0.5190839694656488,0.0022840306062246185,0.0011465257052821753
ziping,131,0.6929637038649825,0.2499243268074964,0.4873030925662505,0.5114503816793893,-0.00030589872186548295,-0.00016624496679620848
ziping,137,0.6959370153541463,0.2513702588644466,0.46915336389020607,0.5114503816793893,-0.003279210211029282,-0.0016121770237463862
ziping,149,0.6930201812142017,0.2499367388185702,0.4880406722511986,0.49872773536895676,-0.0003623760710846913,-0.00017865697787000645
ziping,157,0.6933951854513845,0.25009959108080615,0.49728676044465525,0.5318066157760815,-0.0007373803082674213,-0.00034150924010595274
ziping,167,0.693053724516664,0.2499525438161399,0.48519572203782735,0.5114503816793893,-0.00039591937354699347,-0.0001944619754397081
ziping,181,0.6939773603301083,0.25039683228724696,0.49067488541172755,0.5190839694656488,-0.001319555186991228,-0.0006387504465467653
ziping,197,0.6921409083019517,0.2494908827905965,0.5032400821874506,0.5190839694656488,0.000516896841165293,0.0002671990501036947
ziping,211,0.6904117509028744,0.24865519255501256,0.49836678784047206,0.5241730279898219,0.002246054240242601,0.001102889285687636
ziping,227,0.6943051772021378,0.25056026429789774,0.4840366682471946,0.5267175572519084,-0.0016473720590207686,-0.0008021824571975422
ziping,241,0.6934550124755262,0.2501714354293277,0.48343079922027293,0.4910941475826972,-0.0007972073324091777,-0.0004133535886274853
qimen,5,0.694184776022829,0.25051940735475936,0.488172382909225,0.5038167938931297,-0.0015269708797119863,-0.0007613255140591635
qimen,7,0.6927545312393653,0.24981070868714614,0.4879089615931722,0.5139949109414759,-9.672609624822304e-05,-5.262684644594118e-05
qimen,11,0.6935893472793445,0.25022524736638907,0.4840366682471945,0.5038167938931297,-0.0009315421362274812,-0.00046716552568887293
qimen,13,0.692588227392905,0.2497274895839506,0.4867762499341447,0.5241730279898219,6.957775021199097e-05,3.0592256749589763e-05
qimen,17,0.6944993153575694,0.2506466625479266,0.4834571413518782,0.5139949109414759,-0.0018415102144523354,-0.0008885807072264162
qimen,19,0.6915397451422981,0.24920244392181978,0.49641747010168064,0.5267175572519084,0.0011180600008189323,0.0005556379188804139
qimen,23,0.696986347873181,0.251916059178904,0.45690427269374634,0.5190839694656488,-0.004328542730064,-0.002157977338203776
qimen,29,0.6890726760631516,0.24799282325211938,0.5154891733839102,0.539440203562341,0.0035851290799654434,0.0017652585885808147
qimen,31,0.692590283275358,0.24973928127175293,0.4862757494336442,0.5190839694656488,6.752186775904612e-05,1.8800568947263674e-05
qimen,37,0.6937691240233517,0.2503125426971398,0.4900426742532005,0.5216284987277354,-0.0011113188802346352,-0.0005544608564396203
qimen,41,0.6924368508215276,0.24964035432279968,0.5052947684526632,0.5292620865139949,0.0002209543215894172,0.00011772751790051217
qimen,47,0.695332102535571,0.25109968155466744,0.4761867130288182,0.5089058524173028,-0.0026742973924539504,-0.0013415997139672453
qimen,53,0.690950059700287,0.24890605261802107,0.5057162425583479,0.5419847328244275,0.0017077454428300332,0.0008520292226791293
qimen,59,0.6923825417350445,0.24962713330433925,0.4938622833359675,0.5063613231552163,0.0002752634080724903,0.0001309485363609475
qimen,61,0.6962775944652622,0.25156732177558877,0.4694958116010748,0.48091603053435117,-0.0036197893221451283,-0.0018092399348885735
qimen,67,0.6912373962409449,0.24903162569071563,0.510089036404826,0.5267175572519084,0.001420408902172099,0.0007264561499845668
qimen,71,0.6920250830916433,0.2494496649902529,0.5007112375533429,0.5165394402035624,0.0006327220514736887,0.0003084168504473017
qimen,73,0.6931255099686532,0.2500072340007134,0.4846952215373268,0.49872773536895676,-0.00046770482553615267,-0.0002491521600131996
qimen,79,0.6964182491440293,0.2516195921688343,0.47768821453031984,0.5114503816793893,-0.003760444000912244,-0.0018615103281340861
qimen,83,0.6929926175903979,0.24993777163363054,0.4913334387018598,0.5241730279898219,-0.00033481244728084114,-0.00017968979293034315
qimen,89,0.6910264203729849,0.24895716856664965,0.5015541857647121,0.5470737913486005,0.0016313847701321382,0.0008009132740505465
qimen,97,0.6932247204356348,0.2500117965745025,0.5018702913439756,0.5419847328244275,-0.0005669152925177334,-0.0002537147338023127
qimen,101,0.6908980970370246,0.2488780659646223,0.5083241135872716,0.539440203562341,0.0017597081060923836,0.0008800158760778887
qimen,109,0.6936736520084136,0.25027844868145066,0.48854117275169906,0.4961832061068702,-0.0010158468652965436,-0.0005203668407504636
qimen,113,0.6945395327699126,0.2507044138788343,0.4770296612401876,0.49363867684478374,-0.0018817276267956151,-0.0009463320381341012
qimen,127,0.6965562751695273,0.2516515563037823,0.47950582161108474,0.5241730279898219,-0.0038984700264103056,-0.0018934744630820788
qimen,131,0.6912958034853978,0.24907673609374867,0.5097992729571676,0.5318066157760815,0.0013620016577192695,0.0006813457469515283
qimen,137,0.6943533569271902,0.2505947352653482,0.4860650123808019,0.5216284987277354,-0.0016955517840732126,-0.000836653424648004
qimen,149,0.6963603863261723,0.2515532684614102,0.4868552763289606,0.5368956743002544,-0.00370258118305522,-0.0017951866207099876
qimen,157,0.6944359539178193,0.25064805199137963,0.4824824824824825,0.5419847328244275,-0.0017781487747022817,-0.0008899701506794311
qimen,167,0.6936974781738965,0.2502776653323255,0.4942047310468364,0.5038167938931297,-0.0010396730307794533,-0.0005195834916252862
qimen,181,0.6883894167686996,0.2476187620072715,0.5286075549233444,0.5623409669211196,0.004268388374417453,0.002139319833428688
qimen,197,0.6916463192914007,0.2492619671823053,0.5034244771086877,0.5318066157760815,0.0010114858517162872,0.0004961146583948861
qimen,211,0.6927313695773787,0.24979752841161207,0.4956535482851273,0.5267175572519084,-7.35644342616526e-05,-3.944657091187187e-05
qimen,227,0.6867029495232931,0.24682283544851372,0.5268953163690007,0.539440203562341,0.0059548556198238956,0.00293524639218648
qimen,241,0.6956431585485935,0.25120892249123605,0.4871186976450135,0.5190839694656488,-0.002985353405476454,-0.0014508406505358562
meihua,5,0.695324025342416,0.25107824749604357,0.4784521363468732,0.5318066157760815,-0.002666220199298963,-0.001320165655343375
meihua,7,0.691996502027532,0.2494149681924465,0.504636215162531,0.5419847328244275,0.000661303115584988,0.0003431136482537067
meihua,11,0.6944522261288377,0.25064119144764413,0.4796902165323218,0.5241730279898219,-0.0017944209857206905,-0.0008831096069439326
meihua,13,0.6950919887643267,0.25095789886471165,0.4806385332701122,0.5139949109414759,-0.002434183621209618,-0.0011998170240114514
meihua,17,0.6936411767175796,0.250243049386492,0.48572256466993313,0.5089058524173028,-0.0009833715744625993,-0.00048496754579180346
meihua,19,0.6915090833063421,0.24917639210593984,0.5012644223170539,0.5139949109414759,0.0011487218367749463,0.00058168973476036
meihua,23,0.6902679176230817,0.24856970410119192,0.5079816658764027,0.5165394402035624,0.0023898875200353276,0.0011883777395082784
meihua,29,0.6938301011984317,0.25034724028583843,0.48477424793214263,0.5063613231552163,-0.0011722960553146589,-0.0005891584451382381
meihua,31,0.6940264707267558,0.2504345892665817,0.48408935251040514,0.5216284987277354,-0.001368665583638795,-0.0006765074258814896
meihua,37,0.6925046736819651,0.24968470442953183,0.4908065960697541,0.5241730279898219,0.000153131461151923,7.337741116836272e-05
meihua,41,0.6927532836831163,0.24980176620852357,0.49270322954533485,0.5114503816793893,-9.547853999924971e-05,-4.368436782337115e-05
meihua,47,0.6932482493544935,0.25003986273824624,0.48935777883146303,0.5521628498727735,-0.0005904442113764397,-0.00028178089754604674
meihua,53,0.6942806374182772,0.250558851858393,0.4841947210368263,0.5318066157760815,-0.0016228322751601354,-0.0008007700176927979
meihua,59,0.6921884835554883,0.2495136271000037,0.49199199199199206,0.5419847328244275,0.0004693215876286905,0.0002444547406965092
meihua,61,0.6931440430816125,0.24999594923658316,0.48632843369685474,0.5292620865139949,-0.0004862379384954485,-0.000237867395882968
meihua,67,0.6941480291325215,0.2504955800998608,0.4873557768294611,0.5216284987277354,-0.00149022398940446,-0.000737498259160585
meihua,71,0.6918760757435929,0.24936849774217537,0.49589062746957485,0.5267175572519084,0.0007817293995241448,0.00038958409852482556
meihua,73,0.6916999942786239,0.2492877986645466,0.49183393920236024,0.5343511450381679,0.0009578108644930916,0.0004702831761536075
meihua,79,0.6921234054316042,0.24950466309246924,0.4925715188873084,0.5190839694656488,0.0005343997115128118,0.00025341874823095467
meihua,83,0.6923793654827217,0.24961636269231954,0.48703967125019754,0.5216284987277354,0.0002784396603953132,0.00014171914838065347
meihua,89,0.6902211173519615,0.24854616839143137,0.5141720668036458,0.539440203562341,0.0024366877911555784,0.0012119134492688255
meihua,97,0.6935949949538953,0.25022422170257236,0.48490595859016916,0.5139949109414759,-0.0009371898107782828,-0.0004661398618721613
meihua,101,0.6931558503282154,0.2500168337087299,0.48303566724619357,0.49872773536895676,-0.0004980451850983281,-0.0002587518680297052
meihua,109,0.6941629971231491,0.2505035835582419,0.4773457668194511,0.5292620865139949,-0.0015051919800320723,-0.00074550171754173
meihua,113,0.6948207152846488,0.2508205440766041,0.4855645118803014,0.5241730279898219,-0.002162910141531804,-0.0010624622359038938
meihua,127,0.6918788956152381,0.24936952500814805,0.5039776618723988,0.5165394402035624,0.0007789095278789571,0.00038855683255215046
meihua,131,0.6915629529074196,0.24920254260206168,0.5124334861176966,0.544529262086514,0.0010948522356973855,0.0005555392386385194
meihua,137,0.6893944238200106,0.2481247479316733,0.5199146514935988,0.5597964376590331,0.00326338132310644,0.0016333339090268961
meihua,149,0.6945320874149485,0.2506855838641113,0.4822717454296402,0.5267175572519084,-0.0018742822718315066,-0.0009275020234111309
meihua,157,0.6914460460574635,0.24915698342138662,0.49768189241873456,0.5165394402035624,0.0012117590856535188,0.0006010984193135782
meihua,167,0.6880589539018257,0.2474814468720608,0.5271323955534482,0.5699745547073791,0.004598851241291335,0.0022766349686393905
meihua,181,0.6904168524123907,0.2486298593797696,0.5162794373320689,0.5419847328244275,0.002240952730726331,0.0011282224609305835
meihua,197,0.694119813774255,0.250481288123199,0.47473789579052733,0.5139949109414759,-0.0014620086311379898,-0.0007232062824987784
meihua,211,0.691581217615262,0.2492298167031688,0.494178388915231,0.5216284987277354,0.0010765875278549997,0.0005282651375314029
meihua,227,0.6943662243724934,0.25061936924608136,0.47834676782045205,0.5139949109414759,-0.0017084192293763678,-0.0008612874053811614
meihua,241,0.6947911440350788,0.2508130049843935,0.4748959485801591,0.5267175572519084,-0.002133338891961767,-0.0010549231436933204
