n,log_loss,brier_score,roc_auc,accuracy,calibration_slope,probability_spread_return,slice,model_id
393,0.692936104990236,0.24989108272893384,0.483983983983984,0.544529262086514,-0.24996239325515385,0.0002962083872739326,full_2025_to_end,baseline
393,0.6923334220078731,0.24958004165485312,0.5052947684526632,0.539440203562341,0.13009820593602037,0.00040017724942892417,full_2025_to_end,cycle
393,0.6917679819193334,0.2493019555206837,0.504451820241294,0.5165394402035624,0.08130513182342271,0.0013800131116654172,full_2025_to_end,ziping
393,0.6923250840010613,0.2495715204247165,0.5015278436331068,0.5292620865139949,0.04558010481825869,0.0005688136212990094,full_2025_to_end,qimen
393,0.6975814834145544,0.25219247000919554,0.4743164216848428,0.5012722646310432,-0.5441820806705745,-0.0026591031666264252,full_2025_to_end,meihua
393,0.6906546484952147,0.24875975870958641,0.5043727938464782,0.5139949109414759,0.27772872771220053,-0.00013392333713858212,full_2025_to_end,liuyao_hash
243,0.6952526457754585,0.2510480923987532,0.46167681239623687,0.5349794238683128,-0.9683338714072836,-0.0010985158651113766,year_2025,baseline
243,0.6916298020301415,0.24924178710448194,0.5103071389042613,0.5308641975308642,0.19152072386157643,-0.00037419418071848337,year_2025,cycle
243,0.6956500914391768,0.2512354153266434,0.4780713890426121,0.49794238683127573,-0.4726608792248636,0.0013936394111511538,year_2025,ziping
243,0.691238900681368,0.24903620077556662,0.5026978417266187,0.5349794238683128,0.04516667484635582,0.00019346367635479102,year_2025,qimen
243,0.700193035521779,0.2534890991452406,0.45040121748754836,0.5020576131687243,-0.9923069655810857,-0.0017323162602497946,year_2025,meihua
243,0.6932634285564611,0.250058633877584,0.48090758162700614,0.5061728395061729,-0.3559399958932206,-0.0014891617907161927,year_2025,liuyao_hash
150,0.6891833089181755,0.2480167270638264,0.5166336989750044,0.56,0.7489218933980577,0.0015842630194065808,year_2026,baseline
150,0.6934732863717978,0.25012801402645446,0.49793202661391844,0.5533333333333333,0.025980333808427243,0.0008948604776364906,year_2026,cycle
150,0.6854789644971873,0.24616975063502905,0.5464844452436611,0.5466666666666666,1.2830086000638892,0.0018361047285006316,year_2026,ziping
150,0.6940847009789641,0.2504387382563394,0.4984714979320266,0.52,0.007576896447681256,0.00032555821428564466,year_2026,qimen
150,0.6933507690008505,0.25009193080880254,0.508361805430678,0.5,0.14235085542008138,-0.0004494974153680278,year_2026,meihua
150,0.6864284247959958,0.24665558093743034,0.5364143139723072,0.5266666666666666,1.1255260615906293,0.0018554911559592769,year_2026,liuyao_hash
57,0.7011533509900488,0.2539668033764626,0.4740740740740741,0.49122807017543857,-0.39640085367479666,-0.001435012792095754,quarter_2025Q1,baseline
57,0.7055669358320734,0.2561424595780543,0.4666666666666666,0.5087719298245614,-0.6402836475918615,-0.0032642086631914187,quarter_2025Q1,cycle
57,0.7046631347954844,0.2556812365748214,0.46419753086419746,0.42105263157894735,-0.5515799803426111,-0.0029478308438385115,quarter_2025Q1,ziping
57,0.7006760789282863,0.2536628067866854,0.5061728395061729,0.47368421052631576,0.011490945244032042,-0.002758444719502225,quarter_2025Q1,qimen
57,0.7133643998928453,0.25998568602313776,0.4320987654320988,0.45614035087719296,-1.3751934826434067,-0.0036075440049972707,quarter_2025Q1,meihua
57,0.706253366641028,0.2565027419595266,0.4506172839506173,0.40350877192982454,-0.9667799807939399,-0.00196943488161605,quarter_2025Q1,liuyao_hash
60,0.6991027821670136,0.25300661612133774,0.4247685185185185,0.5,-1.2843817235760464,-0.001711043887681729,quarter_2025Q2,baseline
60,0.6950511255312514,0.250976870094431,0.4895833333333333,0.5,0.06955856344955351,-0.0007608010454379921,quarter_2025Q2,cycle
60,0.6978509742644622,0.252360532351045,0.4930555555555555,0.55,-0.36459431255696384,-0.0002956008458444943,quarter_2025Q2,ziping
60,0.691868147767411,0.24942748661231764,0.4756944444444444,0.5,-0.0020600017066024086,-0.006862473410823919,quarter_2025Q2,qimen
60,0.6939928845703867,0.25046554966518597,0.49652777777777773,0.5666666666666667,0.019128079217530514,-0.006286423528481873,quarter_2025Q2,meihua
60,0.6988433525518082,0.25283396987706785,0.4722222222222222,0.55,-0.668374028100991,-0.0014468332727784563,quarter_2025Q2,liuyao_hash
66,0.6778058911215755,0.24233746888891686,0.5267947421638018,0.6363636363636364,0.7738037536625395,0.0009526273517936018,quarter_2025Q3,baseline
66,0.6657139187526552,0.23635788481288328,0.58948432760364,0.6363636363636364,1.582830854994111,0.0011690537303729123,quarter_2025Q3,cycle
66,0.6745146682097767,0.24072491461751952,0.5338725985844287,0.6060606060606061,0.8124615119275888,0.0026626930543478373,quarter_2025Q3,ziping
66,0.679253133280816,0.24303607673185995,0.5227502527805865,0.6212121212121212,0.5021967546246673,0.002819743738071336,quarter_2025Q3,qimen
66,0.6837488734834468,0.24531305636566111,0.4883720930232558,0.5454545454545454,-0.6494204371849989,0.000982376629335004,quarter_2025Q3,meihua
66,0.6778794361831495,0.24240651861130758,0.5176946410515673,0.5909090909090909,0.28812556796769606,0.0026195947441487537,quarter_2025Q3,liuyao_hash
60,0.7049882695493142,0.25589847910816477,0.37149270482603813,0.5,-3.5471819729183305,-0.0034606475455042085,quarter_2025Q4,baseline
60,0.7034756730224309,0.2551233577853978,0.44893378226711567,0.4666666666666667,-1.148261466820187,0.0003496525270145212,quarter_2025Q4,cycle
60,0.7081357829777388,0.2574483188965091,0.372615039281706,0.4,-3.252837703318756,-0.003924480120399032,quarter_2025Q4,ziping
60,0.6948286784013596,0.25084977567633004,0.42985409652076323,0.5333333333333333,-0.3521826643829259,-0.005293462639856176,quarter_2025Q4,qimen
60,0.7119689685628244,0.25933453814883034,0.3759820426487093,0.43333333333333335,-2.371843108185834,-0.005795511928444852,quarter_2025Q4,meihua
60,0.6922654549914177,0.24957872199315861,0.4837261503928171,0.4666666666666667,0.11996935062423279,-0.0009595076299123243,quarter_2025Q4,liuyao_hash
56,0.6879684570557009,0.24740876981255294,0.5135483870967742,0.5892857142857143,0.6224803083300822,0.003359486089039687,quarter_2026Q1,baseline
56,0.6907080073795246,0.24875001208496986,0.4864516129032258,0.5535714285714286,0.07434352968643357,0.0019830268713427654,quarter_2026Q1,cycle
56,0.6870232034010471,0.2469044150375623,0.5406451612903226,0.5714285714285714,0.7662326234573548,0.0028262998414937124,quarter_2026Q1,ziping
56,0.6974679232110227,0.25211375050992185,0.4529032258064516,0.5,-1.2820076843768513,-0.00039186752674217706,quarter_2026Q1,qimen
56,0.686166857928467,0.24649860378112362,0.5393548387096774,0.5357142857142857,0.7883987888320445,0.002523386096130962,quarter_2026Q1,meihua
56,0.6811780960199397,0.2440439472585374,0.5483870967741935,0.5892857142857143,1.525759717496267,0.00026744371841121617,quarter_2026Q1,liuyao_hash
60,0.6936508940238512,0.2502362249872966,0.4915824915824916,0.5,-0.08017972706085029,0.0018384583131248373,quarter_2026Q2,baseline
60,0.7042392514730833,0.2554627953183963,0.42199775533108863,0.5,-1.243461797655982,-0.0019593492260742786,quarter_2026Q2,cycle
60,0.6819742758244429,0.24444237467898416,0.5723905723905724,0.5666666666666667,2.0109106375385637,0.000354171900016261,quarter_2026Q2,ziping
60,0.6951046552663523,0.2509549185456202,0.4960718294051627,0.5166666666666667,-0.11921960816725441,0.0009932435898443634,quarter_2026Q2,qimen
60,0.6979275284160148,0.2523835547966968,0.4702581369248036,0.45,-0.3711613906547926,0.0002806147360655724,quarter_2026Q2,meihua
60,0.6933373503367675,0.25008648631297337,0.48709315375982043,0.48333333333333334,0.2190198121100781,0.004455824952963215,quarter_2026Q2,liuyao_hash
34,0.6833002676816475,0.2451013073774473,0.5929824561403509,0.6176470588235294,3.4328746771412773,-0.0019560025501774553,quarter_2026Q3,baseline
34,0.679029101592097,0.24298334435606103,0.6421052631578947,0.6470588235294118,3.4500543326204514,0.0009797278191884884,quarter_2026Q3,cycle
34,0.6891202569015548,0.24800802565917113,0.5263157894736842,0.47058823529411764,1.0886891426422363,-0.002980520088923022,quarter_2026Q3,ziping
34,0.6867124156190061,0.24676898815170817,0.6,0.5588235294117647,1.7931137670539254,0.002760155088944497,quarter_2026Q3,qimen
34,0.6971064588580156,0.2519663094639899,0.5017543859649123,0.5294117647058824,0.05548059716053882,-0.004802306280590657,quarter_2026Q3,meihua
34,0.6828838035904906,0.2449025563340607,0.6070175438596491,0.5,3.0566685526385564,0.000990181834909779,quarter_2026Q3,liuyao_hash
