date,target,same_session_return,baseline_prob,cycle_prob,ziping_prob,qimen_prob,meihua_prob,liuyao_hash_prob
2025-01-02,0,-0.026613456858375684,0.49793852216878703,0.552614195124237,0.48188768139916693,0.507587987446261,0.5264762685164921,0.5060671224758578
2025-01-03,0,-0.015672044139557917,0.5598226595686624,0.5968268870279942,0.5665795570959666,0.588381942839306,0.54231178424717,0.5379636023893923
2025-01-06,0,-0.0014034246426046781,0.5239326386679369,0.49624689617385187,0.5556091852684552,0.5217842391878047,0.5230777743851205,0.493443661686857
2025-01-07,1,0.007084984578675568,0.49058675728462986,0.4438949574214216,0.48860219547235473,0.4740043653623416,0.5054135604724331,0.47771190067492264
2025-01-08,1,0.00016224698449751607,0.47999942123608913,0.46287539799285715,0.5013096898403437,0.48710897458615815,0.4382147206375874,0.46135946208995
2025-01-09,0,-0.005812391182130505,0.4597326110798863,0.41870570926864875,0.457585385540826,0.47597358156108793,0.4513908940953032,0.5001236622249507
2025-01-10,0,-0.01334903576111679,0.5235333399925366,0.49814942674336543,0.5120893424763664,0.5226183642879938,0.5787238686753455,0.5592632487590097
2025-01-13,0,-0.00245193029940749,0.5235544358464398,0.486388770322776,0.5296214572548797,0.5294337865151089,0.49940725462205576,0.5097830108362944
2025-01-14,1,0.025368938750393477,0.5079412027380885,0.46801476419657334,0.4897225012629874,0.48678592173036245,0.46948318908568604,0.5107045461416111
2025-01-15,0,-0.0042651206131554265,0.5150830050583709,0.47544543182176535,0.5039297003931751,0.47782630487363503,0.5269224515471369,0.5449645866503372
2025-01-16,1,0.002762527667884429,0.4704250562379087,0.41579807301917754,0.4808733194757869,0.5017395338038485,0.4910605759972105,0.4515830114432737
2025-01-17,1,0.0017889192690305755,0.5099339392979836,0.4963000634977255,0.5080056143676476,0.49122356584982485,0.5032747791617597,0.536076088689873
2025-01-20,1,0.0007887542217785981,0.5076319241296822,0.5014734667761173,0.4864512268745344,0.5136070611053756,0.47327561092060133,0.48503165303448137
2025-01-21,0,-0.0005409357356017663,0.49450232643759073,0.4803874404406282,0.4967067479667111,0.4849697841755266,0.4609021466737474,0.5363295099362796
2025-01-22,0,-0.008943068620681505,0.4877703281091046,0.4727104385934168,0.50842451940573,0.46830572646726226,0.49504441885158945,0.5072296003546856
2025-01-23,1,0.005146837340024968,0.4702223947420469,0.45692700285858207,0.47828849832355147,0.48383313983084286,0.4867949068298478,0.4943771705953429
2025-01-24,1,0.006953826493020232,0.5077503488813571,0.4683670100457098,0.4928943563372172,0.4825832548192464,0.5280478662083903,0.49300864381383935
2025-01-27,0,-0.0006225738833791628,0.5234890083938083,0.49085533950262805,0.521198320187198,0.510404122607232,0.5059389743485196,0.554621447154391
2025-02-05,0,-0.006495106597210865,0.5037260804005078,0.49763194807446776,0.5164440510677584,0.4726164167060235,0.4693215407625825,0.5055723826725114
2025-02-06,1,0.01274846043707245,0.4867821709370595,0.47634245344589654,0.4711144270892763,0.4999298438220885,0.49424928026649834,0.5092403190472715
2025-02-07,1,0.010092155739867659,0.5506974080711442,0.5602714304710025,0.5895504711050001,0.5608459415365707,0.5678093342896275,0.585259116675879
2025-02-10,1,0.0056007460800377995,0.5797407162573767,0.5806204644105692,0.5926470331071053,0.6171541258287414,0.6084912433144575,0.5698179151103598
2025-02-11,0,-0.001238046216780031,0.588727019820308,0.5936997218181868,0.604256333036872,0.5942812959563838,0.5727858887351583,0.5912529895498968
2025-02-12,1,0.008537526630796322,0.5527677104971144,0.5711732918573242,0.5569093424781592,0.5402805803981553,0.5815345297905004,0.5312303370547481
2025-02-13,0,-0.004154333706372748,0.528248061910917,0.5330459740962179,0.5339250857199459,0.5616220011480122,0.5177351263353475,0.5623419148612862
2025-02-14,1,0.004273390141825262,0.5709892289284519,0.5643544219787737,0.5406648765083233,0.5834418811015196,0.5717205383889835,0.5784958304022162
2025-02-17,1,0.0027208697221521305,0.5762708998540034,0.5962091664112326,0.5841092186367544,0.5782566595190454,0.5682922377033343,0.578316146131617
2025-02-18,0,-0.009338673293939226,0.5769700726820178,0.5897751550776875,0.5809919519224813,0.6066132544129346,0.6314241837244009,0.5818461215429258
2025-02-19,1,0.008135982320301105,0.5676526088367388,0.5683949707439292,0.5604593781131223,0.5414936637954306,0.5422438965464114,0.5756804878840069
2025-02-20,0,-0.00022556801517159553,0.5213866228224805,0.5192376393939108,0.5344179453892212,0.5268385218494076,0.5385876032711823,0.5132867250775254
2025-02-21,1,0.00845474028010762,0.5603092021146109,0.5685707525659971,0.5804077045098796,0.5607620371804412,0.5383761800808561,0.5429905441211916
2025-02-24,0,-0.0018007684265072266,0.5810192398605052,0.56642509138086,0.5906085680488602,0.6178156059658765,0.6012487566133102,0.5718171253731485
2025-02-25,0,-0.008001119468916351,0.5831270670208857,0.5665273687475323,0.5938623898171116,0.6000385786495355,0.5768978155498334,0.6047675902919452
2025-02-26,1,0.010213267026096595,0.56510048126944,0.5436120923714085,0.5485502792797002,0.5543370701476301,0.5868047742956638,0.5347184494958446
2025-02-27,1,0.0023217464929734533,0.5215218277696541,0.4947008300036691,0.542460668169339,0.5524920509076336,0.4908286572243336,0.484249760391727
2025-02-28,0,-0.01982401738811157,0.569792648562026,0.5560754980703971,0.574246289769961,0.5826966875528277,0.583434394790074,0.5720021102701648
2025-03-03,0,-0.0011960623891676958,0.5741829235327722,0.5992721200985459,0.590415131702595,0.5550318898518775,0.5962551271595016,0.5606563093570496
2025-03-04,1,0.002196311342583801,0.5190088946192098,0.5276432518513345,0.5320622287819121,0.5269246637215361,0.48945676760211704,0.47812581233223583
2025-03-05,1,0.0053411186417224865,0.48117359738062615,0.5306864253897537,0.47787188027493804,0.4619932675826234,0.44789374096303386,0.5198139980365617
2025-03-06,1,0.011709578047645497,0.45995579945164555,0.4673787294392193,0.4290222710524528,0.48674396253788305,0.427071062049442,0.4542359545574852
2025-03-07,0,-0.0025293558483072687,0.533678362694457,0.5281647079465944,0.5333430864123258,0.5062818344892726,0.5421684760978862,0.5410029906935525
2025-03-10,0,-0.001892635415499111,0.5361280614308718,0.5195034131537053,0.502417393326626,0.5542202949246664,0.5665475639385044,0.5526239268372333
2025-03-11,1,0.00405951821109074,0.5204964478997705,0.5223019368623203,0.495710769573446,0.49464639419502043,0.5501626687359499,0.5261933651678607
2025-03-12,0,-0.002338580543151947,0.49846675470486235,0.4761921854785226,0.47942983729049554,0.4911959595421428,0.48157803175048836,0.49331911184041655
2025-03-13,0,-0.003913196145583386,0.4604225843221609,0.4561918765684272,0.45492020302379393,0.44771477526184633,0.49049862840475095,0.4664616025907067
2025-03-14,1,0.018111910785300056,0.5293240146850923,0.5161201108792302,0.5100273224540274,0.5510432957589607,0.5196220169059731,0.5516624307431278
2025-03-17,1,0.0019204213873005305,0.5468267913439088,0.5357148764722348,0.5464859695308038,0.5604206368364872,0.5063852640608436,0.5344673578963595
2025-03-18,1,0.0010595047647068423,0.5226821559451115,0.5344312291678069,0.46159477476300637,0.5241668220515843,0.5156291206653861,0.5271937104772803
2025-03-19,0,-0.0009709136997672063,0.49519446180928967,0.5407542689842496,0.5032221837158131,0.5028646403181563,0.5518081800216681,0.5228547384243667
2025-03-20,0,-0.005101812995395583,0.46109590050276816,0.4701849262063718,0.4274117061861971,0.45403783909716416,0.43635779959919807,0.4354569315347577
2025-03-21,0,-0.012941529175569677,0.5138114434763875,0.5479168985904732,0.4937219353122891,0.5167033050753668,0.531844340349856,0.4728642266077968
2025-03-24,1,0.0015445055041396483,0.5397651329040742,0.5656717571675158,0.517909299700629,0.5495775616879445,0.5529915180176548,0.5782666026565234
2025-03-25,0,-1.5430138859295894e-05,0.5152708674350225,0.5166059554079947,0.5011844491991437,0.486939741614899,0.5374911821874423,0.5104349196584873
2025-03-26,0,-0.0003795279254213968,0.4863045965552605,0.4898576900249909,0.455150701969794,0.4600162071447636,0.48027607691275004,0.46828304332227866
2025-03-27,1,0.0014996896426124895,0.45481634904190416,0.46302825231129646,0.41227673551514854,0.4612030357695318,0.4780753663744887,0.49939746475074276
2025-03-28,0,-0.006651947136553482,0.5088939022187209,0.529718862198155,0.44903853040031744,0.4924883848929898,0.4788920174536675,0.5117178638379531
2025-03-31,0,-0.004643263061247405,0.5287348198383245,0.5454892546830666,0.5082544282932082,0.5730367984727783,0.5512829840375407,0.5278585459872298
2025-04-01,1,0.0038039467033761376,0.5362846951312151,0.5881169806744049,0.51915136576857,0.5643958688749701,0.5060087032242856,0.5099471461138463
2025-04-02,1,0.0005053106899193249,0.498365988740324,0.5627144276184441,0.4955388131988404,0.49833136674024486,0.46467351524453626,0.5055022584595452
2025-04-03,0,-0.002423490213953161,0.4600119274341734,0.5299904220052043,0.4396117538105011,0.5027680281296522,0.42678346811560625,0.46879899204287845
2025-04-07,0,-0.07343848369004502,0.527138598020573,0.5053061924060605,0.48327827056538036,0.5485830345159283,0.5565933938264094,0.5267540954660868
2025-04-08,1,0.01581521009011233,0.6484191854040575,0.6509508306162988,0.6703192335989213,0.6513603258016835,0.6714668496251629,0.6312684059332763
2025-04-09,1,0.013117265062474015,0.4476730045287047,0.4203027681360886,0.4174202210675806,0.43844123968682897,0.4319714955533697,0.4537969701044715
2025-04-10,1,0.011556383970177109,0.43379146398820323,0.402293084015168,0.43943822097897023,0.46095362997326755,0.464236532218104,0.4094547015552292
2025-04-11,1,0.0045256322204911825,0.4813128276020515,0.47437597281167787,0.4886781325529792,0.4586529494279851,0.471633194840154,0.45840054831610993
2025-04-14,1,0.007590882294539636,0.503498769940617,0.4993908732978175,0.5134317581965987,0.5225818885397883,0.4621377825652831,0.5484918692127669
2025-04-15,1,0.0014876756462531837,0.5029250033225935,0.4849297544781408,0.5060723487890229,0.46860345016693866,0.4951559091465436,0.4960872516334381
2025-04-16,1,0.0025528956177229833,0.4707444343041772,0.48767851372020543,0.45316230532881807,0.4734032932523222,0.5273045309422942,0.4779184529341413
2025-04-17,1,0.0013238689574248674,0.44129092082194554,0.4372621768252542,0.39509798843531185,0.4379697339061117,0.4166413637833132,0.41461307963230376
2025-04-18,0,-0.0011008001911996246,0.4973586419346702,0.5074217920025089,0.506730306070034,0.5288462653708101,0.5149475090762851,0.4737845320106068
2025-04-21,1,0.004487400548717879,0.4927750316654133,0.46409364763361954,0.4994058353417309,0.5240918731927366,0.5055796518018081,0.509556783269883
2025-04-22,1,0.0025286850655368287,0.484008071275513,0.4656097670689646,0.5169103487807066,0.4721255030407554,0.5049231684915843,0.4756424417663848
2025-04-23,0,-0.0010309850088960903,0.46348755382897144,0.43683596547671566,0.49784436360563367,0.4424477334851886,0.4567136688799883,0.4344377179555449
2025-04-24,1,0.00028303990316569383,0.43599401902187,0.3981932720839689,0.46500700664987493,0.4614764844653486,0.4589816997085207,0.4485088148646386
2025-04-25,0,-0.0006757068233045338,0.492045852322439,0.45097718072118037,0.4859459321856294,0.47040869515011485,0.4620309521606722,0.49737585684384195
2025-04-28,0,-0.0020166552354130562,0.4899677326841524,0.43655217700561866,0.4963747473833985,0.47935362748283017,0.48328704666839706,0.49739330807760146
2025-04-29,0,-0.000535212252711359,0.5008000533375089,0.4598569466233008,0.46454054739878403,0.5097293343118495,0.5236268105379995,0.48085289465908504
2025-04-30,0,-0.002319683690560792,0.4766545504880856,0.42220823711846445,0.48194790671085835,0.4691342977815351,0.4460293204607605,0.4711540954171884
2025-05-06,1,0.011309133704438867,0.5049196543347312,0.5027243915749202,0.5078101942329067,0.5196707766514642,0.5346210100904282,0.4994720841018245
2025-05-07,1,0.008006660808403954,0.4893607500505859,0.4675989595318051,0.46206973865753137,0.49451262710553245,0.518040236846186,0.49736633279077075
2025-05-08,1,0.002791485237078728,0.45816548026839793,0.4675539798492717,0.4315485455069411,0.465112733070227,0.4416599213362852,0.45132017707775296
2025-05-09,0,-0.0029824021269716505,0.5671726948207562,0.5695226764079159,0.5507718470276063,0.5602337340582453,0.5959914958223506,0.5581902291509826
2025-05-12,1,0.008152605671037039,0.5547832140001805,0.542437318130773,0.5688567251421294,0.575367586409297,0.5691653114670354,0.5398222693771721
2025-05-13,1,0.0016698102987464658,0.5517694485884053,0.5422624144526843,0.5811963539888509,0.558001863056838,0.5109409567583567,0.5423940257659615
2025-05-14,1,0.008615736720010814,0.5197236397517871,0.5071715015765172,0.5603671193545894,0.5316256448252665,0.5118043370932099,0.5106404207930092
2025-05-15,0,-0.006794169593660082,0.5165275421693386,0.505694193759594,0.5282755897771717,0.501066443193667,0.5730486984919907,0.5224040485038352
2025-05-16,0,-0.003951407069466284,0.560104123562243,0.533962498469607,0.5630921489873733,0.5556093958222572,0.5350408160242424,0.5783965632295658
2025-05-19,1,3.593210554431181e-05,0.5416562075755306,0.5540241845864736,0.526055190694605,0.5740529480972391,0.5035810200738658,0.5048670919501954
2025-05-20,1,0.0038291558069987186,0.5292804823683833,0.5639237590038911,0.551342032042739,0.5095991028404736,0.5425098817058623,0.5267225460774767
2025-05-21,1,0.002099111427437128,0.5108953030191201,0.520425118892475,0.510651269237221,0.559283199232784,0.5317503556858192,0.5012164410561095
2025-05-22,0,-0.00218002617802604,0.48964350479858737,0.4986975210724144,0.503433300638325,0.4884092967506458,0.4830832881478898,0.4863456064945244
2025-05-23,0,-0.009412787273137657,0.5400705657199076,0.5506914290230029,0.5701388973229,0.5206551636773257,0.5626052413272481,0.5575427495761182
2025-05-26,0,-0.0004578344341668039,0.5478844258600627,0.541511949836158,0.5609178479208327,0.5206076510042621,0.5134944984989512,0.550345156844377
2025-05-27,0,-0.0018381523580907055,0.5199127640517176,0.5156457552979405,0.49277931054924956,0.4965851842003593,0.5420698463646466,0.5105944520364472
2025-05-28,0,-0.00022600141827122666,0.49438545524178334,0.48916226757624354,0.4684696771709382,0.4763848300498675,0.4628920554175206,0.48850092822521907
2025-05-29,1,0.007040263095176913,0.4671662703129786,0.45766337623541903,0.4514980727122434,0.468208928575504,0.43335991211124053,0.4538886659747746
2025-05-30,0,-0.004744836099643046,0.5369040575271797,0.5369619887274439,0.5503428430087495,0.5303295663102616,0.5031793788738552,0.5225622017251764
2025-06-03,1,0.0043283215140192954,0.5352136554348775,0.5617571833031075,0.5755691698501885,0.501335266711742,0.5651957248515357,0.5616472729263104
2025-06-04,1,0.004231737525788315,0.5098064816836704,0.5177495766879584,0.5224456397786076,0.501297769954527,0.5392032116238176,0.5092101180123064
2025-06-05,1,0.002338721931116172,0.4756692144453717,0.4789336544585595,0.4789524330545697,0.5096030756111719,0.45940390318866625,0.4933286651123243
2025-06-06,1,0.0003720340332833416,0.5280461450043401,0.510512198487698,0.4886171116562853,0.5174082048597665,0.5579400578139518,0.5602837006372555
2025-06-09,1,0.004257747629645037,0.5267536355799903,0.5166386876504315,0.5489861710470392,0.5520646209086152,0.5417517146346097,0.5235323510016132
2025-06-10,0,-0.00439911852912489,0.53709328241885,0.5348661006702343,0.5048685705109554,0.5438738144694749,0.4969277362740856,0.5745059290873344
2025-06-11,1,0.005170148096676375,0.5220110839634735,0.5113661438210617,0.544415365748173,0.5248975577107424,0.5149549841495086,0.5116993604306258
2025-06-12,1,0.00010051976359637393,0.48505171646406764,0.4878338163464731,0.5165001079869943,0.5062106690054382,0.5424526090132118,0.4795691450365231
2025-06-13,0,-0.007541751183927303,0.5242811069621593,0.5140114308805177,0.5272460182168018,0.5091804405210448,0.49983527652657206,0.5383519125350731
2025-06-16,1,0.0034743896646605155,0.5506768747545238,0.5313403895307799,0.5147429730914432,0.5441279419122553,0.5138775293656467,0.539825305225329
2025-06-17,0,-0.0003907069582724798,0.5361140007716224,0.5326871754883911,0.5728694991271212,0.5318063109069395,0.5497865862249743,0.531496235648
2025-06-18,1,0.00041447656834647795,0.495468290340302,0.5056104707928282,0.42700353197810603,0.47883396294478886,0.5169503886201723,0.4901838126598759
2025-06-19,0,-0.007879169348287252,0.46770600910039944,0.49128214178055396,0.44664092021287455,0.4978246770902482,0.46163010699741824,0.43218820657172485
2025-06-20,0,-0.0006582179989459425,0.5367136443717648,0.5568776664083054,0.5084119426660826,0.5456926062478696,0.5598247069824234,0.4955358209372008
2025-06-23,1,0.006454665994026554,0.5150579112841901,0.5192542516864176,0.5153607293745425,0.4993193031631,0.4813130308672618,0.52113981259538
2025-06-24,1,0.011528332005552366,0.5322291147796997,0.5330443425290184,0.5523572313663263,0.5213561894848273,0.540137434733253,0.5193673794282738
2025-06-25,1,0.010351503230751957,0.5256563607314558,0.5054453802210916,0.5396614422100332,0.5250503030519086,0.49527546787274895,0.5348239299066049
2025-06-26,0,-0.002176231649890892,0.5125884151395966,0.47401062539971744,0.475658325049958,0.5049691008387656,0.47985654172640335,0.470653672457703
2025-06-27,0,-0.007025179116548763,0.5539466616500994,0.5117018413813441,0.5904624316757712,0.5429621976422337,0.5219269050763261,0.5711278837730465
2025-06-30,1,0.005898849579773824,0.5515855268275204,0.5365866527977816,0.5203234809075392,0.5412289151573487,0.5720042018386162,0.5699285048514817
2025-07-01,1,0.003867407806119161,0.5412315091165407,0.5321734815664615,0.5634233611091952,0.5352710239216109,0.5713652461563237,0.5519209188744406
2025-07-02,0,-0.0008546027225242447,0.5088037603736861,0.4814511556865069,0.5475549758122249,0.5228966211358245,0.5380925630646025,0.5409909707589159
2025-07-03,1,0.0018406317949097861,0.48324689290196005,0.5157407152074726,0.4860118431975889,0.4581361387229428,0.46688979308781614,0.5059663188123636
2025-07-04,1,0.0032266722832954287,0.5319322796428141,0.5432569511268549,0.5557211682389241,0.5174739963602845,0.5611455301010649,0.540507921775547
2025-07-07,1,0.00023269751425480933,0.538460781840189,0.5919098379742047,0.5901277750230298,0.5449111070137438,0.5534212969356537,0.5358018360895774
2025-07-08,1,0.007010397258723877,0.5346098203814597,0.5814025296150329,0.4985547475099875,0.5712381151774235,0.4936707994960903,0.5234478358288327
2025-07-09,0,-0.0012651984646064873,0.5246327300690617,0.5859630097459357,0.5229975416657758,0.49797541491949127,0.5161620166353456,0.5275355266363262
2025-07-10,1,0.004761454888993821,0.4931891144361133,0.5321538350242966,0.47199331353935653,0.49488713194887896,0.5501765909386193,0.48271819661124277
2025-07-11,1,0.00014103841886536905,0.5526941478478733,0.5812620292911963,0.5540362519494564,0.5741626563727754,0.5280388577922274,0.5534982562415991
2025-07-14,1,0.002698724309343925,0.5524710542588908,0.5738137056904689,0.5497376011508582,0.5444028132745775,0.5157324504231534,0.5563559689738672
2025-07-15,0,-0.004162629806941154,0.5546555830785603,0.5710539270620866,0.5696956534692158,0.594558601083467,0.5682390396662003,0.51634822548821
2025-07-16,0,-0.00034864489262331766,0.5311312446172917,0.5694703173488748,0.49647739191036594,0.5486429131127558,0.5522366317546759,0.5317283669649054
2025-07-17,1,0.0037242666984800277,0.48441728261249645,0.5568464597305623,0.5364809206904083,0.48762416363050354,0.47814546612403747,0.4813314612361073
2025-07-18,1,0.005020720388213773,0.5374329332775508,0.5722575582945989,0.5019866988056826,0.5668787282389002,0.5601580831964807,0.5389938355847848
2025-07-21,1,0.007160311706124967,0.5432315947051706,0.6113093500408072,0.5420900370090218,0.5266147993775706,0.5091660043497609,0.5415453398958979
2025-07-22,1,0.006199802179397418,0.5577123947880219,0.6238889465959037,0.5752396305237613,0.5554539048892636,0.5656570592553744,0.5557662534407513
2025-07-23,1,0.0001220036176725614,0.5460198287428139,0.5772236764120409,0.5752216559367279,0.5328495103917873,0.5637378835375251,0.5599368647016396
2025-07-24,1,0.006540215247307746,0.5047562257811031,0.5388265003415268,0.49820800528477677,0.496544027614975,0.5259230483584431,0.5026862418313957
2025-07-25,0,-0.0033480072118603488,0.5674948853624373,0.6043311820578062,0.5733827831390613,0.5657543022290685,0.5381370484123627,0.5697857343042108
2025-07-28,1,0.0011915445416990078,0.5625041181156488,0.5711103768860164,0.5242319594786031,0.5044825733572276,0.5705869020481633,0.5761756754699396
2025-07-29,1,0.0032724308402287683,0.5509043838210893,0.5719525653225589,0.5488696262697986,0.5746854484772776,0.5684608627557622,0.5763995337363798
2025-07-30,1,0.001663845111146145,0.5226876380171213,0.5390735073295109,0.5050252636418965,0.5280287261380809,0.5423441512046253,0.5203140282095438
2025-07-31,0,-0.011756727642124654,0.4931659820893045,0.5331582603157445,0.503742490828125,0.4788492730876886,0.5239567722264253,0.5322554150455912
2025-08-01,0,-0.0037098316134968057,0.5660250081203642,0.6104338140770286,0.5866168418006283,0.5925180008538475,0.5957501689416275,0.5429762651349063
2025-08-04,1,0.0065610435196878925,0.5405263404164933,0.5785388380331336,0.5566240866761449,0.5159338773020276,0.530349934182857,0.5361768034569376
2025-08-05,1,0.009569088236599077,0.534699035092144,0.5679677822297019,0.4994477054123462,0.5169120192078823,0.5349608424961494,0.5396598875869505
2025-08-06,1,0.0045325655310513024,0.5123858560742522,0.567225238384621,0.5677349454214746,0.5100113246150878,0.5273501318404459,0.5312762291389571
2025-08-07,1,0.0015608166769629506,0.48921644623872346,0.5316592344050978,0.4532446460174113,0.4842445983246964,0.4489871840261839,0.46839314893127393
2025-08-08,0,-0.001247092110349568,0.539209007582562,0.5231714777773947,0.5456426739357809,0.5186179733426045,0.5322291480546204,0.5582854206230772
2025-08-11,1,0.003416385887924589,0.5395838825636434,0.5539771750023585,0.5828625215149992,0.526151230559387,0.557303848538392,0.5316253487676706
2025-08-12,1,0.005036535512770612,0.539603586528003,0.5245118537182379,0.5644989961404474,0.5569173318982993,0.5178650869056464,0.5363516352488679
2025-08-13,1,0.004786522775468427,0.5240179250324787,0.49622951769315815,0.5330994326294416,0.527226622577357,0.48686278731640814,0.5014070612613342
2025-08-14,0,-0.004621192274122277,0.49830404143981,0.48351135237573584,0.5034208568766515,0.48118155774442994,0.512660892848706,0.5000179880414688
2025-08-15,1,0.0082717773056884,0.5517527371832845,0.5282000213612853,0.5468358732928552,0.5347897877101063,0.5740749415377095,0.563742775184475
2025-08-18,1,0.008454946221986726,0.5559472964017227,0.551406186115983,0.5714366214788899,0.5310280973563684,0.5263738454497705,0.5346583984277594
2025-08-19,0,-0.00019822817806847137,0.5572727879675072,0.5695354801448282,0.5457862459003079,0.5551393744628051,0.5252741089440892,0.5736416687038548
2025-08-20,1,0.010442445016322965,0.5296961614505594,0.5526674989417448,0.5328301384869472,0.5446090568538826,0.4974455278880415,0.5187387667139964
2025-08-21,1,0.0012981219847008063,0.5193601131007464,0.5343641459177957,0.5621074864825628,0.5263303304969902,0.5283781168920205,0.5205284953540414
2025-08-22,1,0.014494448435323548,0.5501808050725672,0.568939316465035,0.5660035825054647,0.5340311976560311,0.5694283958763688,0.5562590980669322
2025-08-25,1,0.015108897345598615,0.5773112628727903,0.5729016061180029,0.5724718978325627,0.5572757167482825,0.5856792038816173,0.6109594040936479
2025-08-26,0,-0.003908782710305592,0.5825793513934006,0.5723861370435699,0.6092127043720317,0.6038927970359875,0.6006922288418902,0.5629473426287908
2025-08-27,0,-0.017586680943092015,0.5537673806186739,0.5417898704272605,0.5380361281460696,0.53531831213404,0.5745492779227802,0.52738289618284
2025-08-28,1,0.011379741339613503,0.5292968854923307,0.5057196474524902,0.5357056145988116,0.5662295378156925,0.5603726977634774,0.5464645049006663
2025-08-29,1,0.003728278484971259,0.5576178785489463,0.5487233649992509,0.5466721008447597,0.559233344068914,0.5884079093419488,0.5445156227109247
2025-09-01,1,0.004562813137729105,0.5356186023842489,0.5865674327410821,0.5523041007640043,0.5614915394234719,0.5254785180292829,0.5578523342701944
2025-09-02,0,-0.004488934416712165,0.5440805050921346,0.5731320457526,0.5518252422618624,0.5591151814127149,0.5444245379809222,0.5703896948421799
2025-09-03,0,-0.011553774843946596,0.5231492248129591,0.5423402207086562,0.5277217572662986,0.5455162466879203,0.5383179994871148,0.5415514342957444
2025-09-04,0,-0.012503025390730893,0.4920526743534116,0.5151483941186334,0.48756683106529175,0.5059386897593733,0.4515915841481858,0.49115368667438714
2025-09-05,1,0.01238436953314448,0.5354757610520342,0.5885018130903434,0.5645663007946935,0.5575424557384662,0.5276860691624529,0.5740417168018377
2025-09-08,1,0.003757887839887175,0.5287132242030467,0.49529507920791277,0.46604369535849577,0.5384156392111807,0.545455545753802,0.5352352507502929
2025-09-09,0,-0.005108390967902721,0.522167772074644,0.49491093224618743,0.5507051424693202,0.507219089880059,0.4993594659153105,0.5104193071933126
2025-09-10,1,0.00129462095368571,0.5037849175819842,0.46945028689909896,0.524156356992054,0.4942652874633658,0.4651974530718978,0.5204942849079748
2025-09-11,1,0.016548883183844953,0.44941811663013215,0.4140499758329555,0.48762728882607187,0.4673176330355199,0.46218666182586243,0.44185570924422746
2025-09-12,0,-0.0012156449975989636,0.5288368047482311,0.4780080712042436,0.5329943609413739,0.48911614732181885,0.5495568362042642,0.5339807870834443
2025-09-15,0,-0.0026078657613113343,0.5203947209677935,0.5057991113039529,0.5411738242355187,0.5372422524862256,0.4897711121478862,0.511082009511898
2025-09-16,1,0.00035254464183953615,0.523195595045406,0.48405332141289564,0.5057247507652272,0.5113311728339839,0.4894078008844435,0.49780092303579465
2025-09-17,1,0.0037484479649081415,0.4861541332357045,0.46947138638990044,0.5113353365125997,0.4748715673048863,0.452821307993502,0.5249977942955972
2025-09-18,0,-0.011527623601741976,0.45643956188955,0.4316062137187915,0.39410947158449683,0.44177085054597187,0.46473631767170015,0.46133484617994636
2025-09-19,0,-0.0030187991823901195,0.5348101694513582,0.5294255718244698,0.563499136290838,0.5383782652874771,0.5530163464620509,0.5526075836498715
2025-09-22,1,0.0022216759871300784,0.5136663303189469,0.5035230408758167,0.5183814294090233,0.4944223155832383,0.48009438234628354,0.4970038245364476
2025-09-23,0,-0.001761229240323292,0.4943129848469621,0.4781083089914902,0.4728256445107357,0.49646998147148075,0.502039466416525,0.5168108977990088
2025-09-24,1,0.008322969632634347,0.4762961714076029,0.4595909769906276,0.4867318416360215,0.4687626538257917,0.493932174712386,0.4796138086300211
2025-09-25,0,-8.822822670073727e-05,0.4715632780429059,0.4543047033037352,0.48870594896624625,0.47361473228269596,0.49120455957726156,0.4899838089940506
2025-09-26,0,-0.006538807495493404,0.506112298332476,0.47366691058876415,0.49908616492318864,0.4510749166689745,0.5366425831974772,0.4982812742155727
2025-09-29,1,0.00899295892015517,0.5174625503837543,0.48874921763817375,0.5039071610223315,0.5065365207986912,0.5455756044086592,0.5294755466870288
2025-09-30,1,0.005241380524484862,0.5164009310444123,0.4908881104443207,0.5360618352677661,0.5471927969395646,0.5052823965857605,0.48182172357145026
2025-10-09,1,0.0131851507310361,0.46075240573989684,0.4813061233725475,0.47089793841018135,0.47005590840695566,0.42335375217386717,0.484381341074372
2025-10-10,0,-0.009391017526306888,0.543771219958654,0.5737518409717185,0.5545137296594391,0.5432223926877946,0.5570121579508313,0.549620037171208
2025-10-13,0,-0.0019312152748196532,0.5599275618499261,0.5636910466111006,0.575790265476592,0.5684277269351226,0.5819590884042556,0.5630348179920505
2025-10-14,0,-0.006240644689217367,0.5565095231922726,0.5392532427459851,0.569204359073991,0.5574952139896976,0.5261168278194314,0.5581931103007619
2025-10-15,1,0.012154777892849467,0.5055172415877105,0.5031215236555089,0.5173582190678531,0.4937000699883581,0.4724488009568016,0.5228429119148295
2025-10-16,1,0.0010270409819512771,0.4803741493446353,0.4823868610180958,0.46761116733114666,0.5011917222960454,0.44703442389327774,0.496516792110762
2025-10-17,0,-0.019527208323927958,0.5208094335646605,0.5365142959612819,0.5200260739920463,0.49223038672859243,0.5287156904153506,0.5288186672335127
2025-10-20,1,0.006286338581497963,0.5474610810301642,0.5849306561662848,0.5591985203686874,0.5658129534552031,0.575811595653577,0.542694650809196
2025-10-21,1,0.013571545588865863,0.497964689642369,0.5396772721506296,0.5011887644255854,0.48681074172375943,0.5053233929205997,0.5047262797162626
2025-10-22,0,-0.0006572476490757095,0.4895372824835314,0.5271596008365815,0.5097137676020782,0.49333243558910517,0.5062619778664258,0.44978510377153375
2025-10-23,1,0.0022106629996030414,0.46131408016462566,0.49685052518145323,0.4647743671975316,0.45281642205580164,0.48075072103138305,0.4792996617904646
2025-10-24,1,0.007113483802050347,0.5190859466764296,0.5280751831120145,0.5333074464196825,0.5129605166616573,0.5488908077597998,0.5196840969038408
2025-10-27,1,0.011804890347901775,0.5249836993166686,0.5117138254317282,0.5233993032869558,0.5057336519117862,0.5532315019021306,0.5463467774311411
2025-10-28,0,-0.0021819164386800427,0.5395137487905811,0.5403004060788931,0.5037615091674235,0.5428773650228012,0.5284609182502721,0.5228428578932488
2025-10-29,1,0.0070474978336221294,0.5114641029249758,0.5256243144732712,0.5216718708371597,0.5230073107685225,0.5108998126355321,0.4897650103280536
2025-10-30,0,-0.007327583309244212,0.4861425265206739,0.48119199358204223,0.505918397896425,0.49878543750681054,0.5010244667298179,0.47366113569449353
2025-10-31,0,-0.008054125246651389,0.5405902206776554,0.587032530592317,0.5431345315806423,0.5301204887558636,0.5001127543551002,0.5426505094200054
2025-11-03,1,0.005494855605481019,0.5486356389345318,0.5425116819472086,0.5564215056479193,0.5594312112726785,0.5231248031339373,0.5735999456475018
2025-11-04,0,-0.004107862123700623,0.5436777388507813,0.5880736595252349,0.5480675751280316,0.5362013726752209,0.5609107280497521,0.5191431268406319
2025-11-05,1,0.0022882763587366295,0.5169990255968535,0.5547632256895739,0.5011767082990265,0.5364909107713556,0.4941786498923472,0.5460993723445717
2025-11-06,1,0.009702593539128834,0.49366912063784596,0.547059188765023,0.4848139212510592,0.5062788484105228,0.45600988704503526,0.5440958314120569
2025-11-07,0,-0.0025460606423538534,0.5442832285984921,0.5734592904921356,0.502372701083119,0.5335726177670085,0.5574383766503459,0.5377014624847866
2025-11-10,1,0.005263465977712434,0.5454764571203204,0.5110191589496024,0.5380756482145148,0.5261099172338946,0.567622976791283,0.5431710512266785
2025-11-11,0,-0.003941425328292558,0.5530816872268433,0.5052411146460445,0.5903676426873329,0.5495666456865773,0.5225556034099229,0.5258595310581988
2025-11-12,0,-0.0006540490331915505,0.5221778959023746,0.4586556644150968,0.5366988108085666,0.5391784694677115,0.48818396864556823,0.5012635925090789
2025-11-13,1,0.007339993100241582,0.4835999630895068,0.44157717692029563,0.48437346617355914,0.48376485989898244,0.4503582343503976,0.4716732863896173
2025-11-14,0,-0.00968085130143903,0.548771388535078,0.5376174284570518,0.544233290835028,0.544764498952808,0.5568510465017086,0.5541860171541393
2025-11-17,0,-0.0046252442054764975,0.5684220286011973,0.5473452966803016,0.5517142873453766,0.5493917296509468,0.5974993649365876,0.5823071448588079
2025-11-18,0,-0.008112214519761185,0.546729888313118,0.5267468514770214,0.5511736786509364,0.5439689140549099,0.5755673659179287,0.5311699984659107
2025-11-19,1,0.0017587129135316903,0.5186523292800223,0.5199424704540851,0.5425222610976098,0.5358178460021009,0.5013347706880797,0.547810129438251
2025-11-20,0,-0.0039756842479189425,0.46029158792714236,0.45524026951982216,0.4532630393045949,0.4477826967395414,0.4774147098459084,0.4459969532890641
2025-11-21,0,-0.024461651604112955,0.5213004191590179,0.5175974940212799,0.5636718394706436,0.5244549013171487,0.540821638530242,0.5331367241145966
2025-11-24,1,0.0004889317584255704,0.5745490852280963,0.5665865144349151,0.5744055328673551,0.5870866148868324,0.556599946040619,0.605578265460368
2025-11-25,1,0.008667977145335515,0.4970972502952992,0.4764341802771599,0.4915019551410959,0.5398231353925487,0.5258041864870077,0.5097416521481902
2025-11-26,0,-0.0015087765628266636,0.4757985945177163,0.4498154735456897,0.5005275403237645,0.4560263010648026,0.463915806797741,0.4789220374329063
2025-11-27,1,0.002866064348902686,0.4506161980505629,0.4201607675149946,0.4346643528847879,0.45312079377535114,0.44987701691192256,0.4651564073933006
2025-11-28,1,0.003441576421085557,0.5136889108507061,0.49387561231713795,0.5286549716547323,0.5328628961963714,0.5280382887400749,0.5417357182892235
2025-12-01,1,0.006534492140608084,0.5041943510613657,0.48263310532410464,0.547930090027365,0.4894040770675232,0.5594570149498236,0.5170042574861394
2025-12-02,0,-0.004162998217171809,0.5120869626044897,0.48391715011802094,0.5276689812550225,0.5477018921081085,0.4860691509216007,0.517857152748329
2025-12-03,0,-0.00505732593890984,0.49150559942192534,0.45948806289173844,0.4939142078611116,0.5068769136185444,0.5078752832934883,0.5101835623359695
2025-12-04,0,-0.0005691077875192851,0.45630530492460303,0.46738396083507133,0.45784534351303363,0.44917425244697456,0.4335082012837711,0.44093691783688105
2025-12-05,1,0.006970186488287622,0.4929712120082761,0.49224147220578446,0.48484331986925067,0.5165807510693843,0.4554603555493429,0.4889556410274339
2025-12-08,1,0.005449922209854963,0.5029763288071547,0.4723283718335285,0.4899038158418487,0.48846640763080573,0.49573986271876064,0.4793708234043668
2025-12-09,0,-0.003709406387946479,0.5130684480244253,0.4938256089079066,0.5067685962334068,0.5147302251770601,0.5357004771532946,0.5190375067656783
2025-12-10,0,-0.0023087221404559655,0.49708937433463185,0.4644301463842981,0.47884166163297576,0.4965730296962464,0.46605109933740807,0.4912348867037108
2025-12-11,0,-0.0069678317834449555,0.4591731271592419,0.4005350816445562,0.48402956536424596,0.42895546978925375,0.42594875657593123,0.4696523158714498
2025-12-12,1,0.00413805424703062,0.5098614574624621,0.4641778022040979,0.5528972226668225,0.48645853032229447,0.476489947591232,0.4898171285430721
2025-12-15,0,-0.005508638213211237,0.5160544892345437,0.465939346551802,0.5222119127722397,0.4450213389651158,0.5360335766104942,0.51897328593589
2025-12-16,0,-0.011145263825191876,0.5283487406316578,0.4927102840085708,0.5320394669581812,0.5551635791476192,0.5580009536902673,0.5287653248231202
2025-12-17,1,0.01188712020355509,0.5054112749243778,0.4675097089468325,0.4953051767156847,0.5139085835881688,0.5340847107053538,0.5129758040066293
2025-12-18,1,0.0015743055150043705,0.46556382346075365,0.4575452097698659,0.4552470098302799,0.4625189924394872,0.4487458653687784,0.4802738868519633
2025-12-19,1,0.0036314893491875555,0.5020186695506711,0.4872440222894986,0.4989310088448583,0.5326595168995516,0.5312809473629551,0.5002894783936982
2025-12-22,1,0.006918483424017019,0.5272074704076863,0.5342739431001458,0.5578672813194054,0.5259713105437319,0.5562454881922517,0.5296588100765418
2025-12-23,1,0.0006675407238132536,0.5368667056298745,0.5262205659980332,0.4727201626195822,0.5209583680363079,0.5201154945519781,0.5542237243429103
2025-12-24,1,0.005349008247238052,0.5031771194927734,0.4880198873990169,0.5142819416088484,0.5222274430445532,0.5325983318309039,0.5154552782593007
2025-12-25,1,0.004738454995715458,0.47785679730127956,0.4765073636148947,0.4799652496822306,0.5144763272903508,0.46693978907452877,0.46945788856182225
2025-12-26,1,0.0010248455597139383,0.522891779167486,0.49197576818807676,0.525708069445229,0.5088873241062655,0.5227717229013323,0.5454870961509837
2025-12-29,1,0.00040391767345449026,0.5332354217870927,0.5213967589961068,0.5393898679286353,0.5634979350653467,0.5254633018411659,0.5320251219226249
2025-12-30,0,-4.1358996086038324e-05,0.5359283129252579,0.5640465045109294,0.5593873072193937,0.5260740832500111,0.5921613240260813,0.524808468680486
2025-12-31,1,0.000939190681937152,0.5049075472266714,0.5121635917767391,0.5200059793500393,0.538229044947762,0.4794739791451953,0.48028724792762667
2026-01-05,1,0.013751373197206096,0.538531844529855,0.5756511763076322,0.5480254479723529,0.5159185073776905,0.5591256748994212,0.545955192677096
2026-01-06,1,0.014974833580511326,0.5700770544343612,0.5572567611206123,0.54123404237606,0.5391187343399955,0.5637821131748069,0.59847769015292
2026-01-07,1,0.0005154680829755343,0.5668916609687814,0.5586680095782338,0.5807216816665944,0.573580296354732,0.5894573696219692,0.5654188028743341
2026-01-08,0,-0.0006835917422705062,0.5204697336581492,0.5053171680069805,0.4932697382525942,0.5261893229961495,0.490992895180106,0.5204602978677945
2026-01-09,1,0.009171489738252436,0.5662179332264875,0.5337068474121429,0.5655219679556737,0.5452205548287051,0.5339255470044351,0.5823677214316363
2026-01-12,1,0.010887466490115294,0.5740404649021021,0.5486593881207626,0.5249715687356744,0.5553911289980583,0.5914481825277341,0.5590197029773541
2026-01-13,0,-0.006368828846607721,0.5855540225066163,0.6030197145260469,0.5779700798685355,0.5492923755725458,0.6054049049400703,0.5908856898654867
2026-01-14,0,-0.0030603376519386938,0.5635642758907446,0.5457250800827623,0.5224909803888773,0.5646840349160304,0.5934812500655299,0.5699418364562732
2026-01-15,0,-0.0032699214486925365,0.5244340327385952,0.5299404480222345,0.5053947627253603,0.5238841977361669,0.5548972539661252,0.5238481191349489
2026-01-16,0,-0.0025988419494135107,0.5719900003316649,0.5702056556026827,0.5434433950026402,0.5699022568340385,0.5564156486453403,0.5497032723308711
2026-01-19,1,0.0029466739055656888,0.551652211089867,0.5635357318063563,0.5552630902743388,0.568065542695247,0.5817447813804115,0.5921265174734954
2026-01-20,0,-8.531842489056807e-05,0.5680850708097601,0.5806203504450588,0.552489443458139,0.5762956155011152,0.5968826276799302,0.605447233144803
2026-01-21,1,0.00080001964192844,0.5371345038409545,0.5427428300599131,0.5198195376952167,0.5474063015960292,0.5205686089555804,0.553619823564156
2026-01-22,1,0.0013689779302104021,0.5094681205576317,0.5159657399137764,0.45983199306841693,0.4967108960503635,0.538891760593177,0.5071788102386752
2026-01-23,1,0.003295997454018984,0.5529627578393275,0.5590297132151634,0.5427852888538082,0.5636432310216932,0.542818040575057,0.5584337659131071
2026-01-26,0,-0.0008604591113892113,0.5603009515610565,0.5416439157686794,0.5323647409284336,0.5860220584201951,0.5196623109817411,0.5821257689741639
2026-01-27,1,0.0017661983180103924,0.5642377176674188,0.557101572061296,0.554760521378213,0.5626360399641956,0.5567925175557157,0.5959555413810075
2026-01-28,1,0.0027377446433540786,0.5435944622046183,0.5524439127501044,0.5203346371570936,0.5841407395074358,0.5991014874162565,0.567682060501074
2026-01-29,1,0.0016252982845115227,0.50323447944363,0.5054436773030547,0.5059520882794787,0.5083058482160318,0.47823617760367354,0.5021341543807819
2026-01-30,0,-0.009628942865354095,0.557146280553868,0.541066253118957,0.5449023687723188,0.5720787524267449,0.5750718239696625,0.5595024677778665
2026-02-02,0,-0.02481867182392794,0.594494953454359,0.5962376320362986,0.603211001901295,0.602915847776866,0.6067985777108832,0.5770550927189388
2026-02-03,1,0.012947034000656332,0.5948527979818233,0.5872935530720593,0.5550798421921378,0.5688144358520549,0.6135488368974665,0.5522571226269276
2026-02-04,1,0.008472522074922217,0.5060588077395433,0.51358564740578,0.5402924017401394,0.5034316673607357,0.49847572490692366,0.49015408278928385
2026-02-05,0,-0.0064075342949957426,0.48051970512899667,0.5120761785906127,0.48165844873815467,0.5201309518199303,0.5027707584732403,0.4872445438129146
2026-02-06,0,-0.0025353803818870535,0.5478498124426834,0.572111795783084,0.5641197672583999,0.5538689398121059,0.5162580065163321,0.5234687402861402
2026-02-09,1,0.0141448348244273,0.5423331655469315,0.5384986392653328,0.5235616892686904,0.5549938098188604,0.5485863368060686,0.5180945644916403
2026-02-10,1,0.0012813205629755853,0.5326576284633884,0.541403325327097,0.5437609339952455,0.5251376793995438,0.5489575340848342,0.5299309085060275
2026-02-11,1,0.0008749209434322225,0.5082969308203696,0.49575905896913214,0.48939388302408093,0.49576250416292555,0.527171970565868,0.5137591919419743
2026-02-12,1,0.0004920153388747739,0.4854499828252852,0.49868392788637617,0.49933979019935865,0.4878937530370717,0.514810740936432,0.46244446044195775
2026-02-13,0,-0.012565257335599433,0.533221516123719,0.5386644559745052,0.5906608022152762,0.5635005949394621,0.5620602333897451,0.5680203879546118
2026-02-24,1,0.008656386105784897,0.5561643733869954,0.5303396479276817,0.5885580572151744,0.5693730877379859,0.5625943609536592,0.5382739817570792
2026-02-25,1,0.007242904457633426,0.49865363798000684,0.4866287466694037,0.5040335589489167,0.49270190824930526,0.5153040205003235,0.5088639690809555
2026-02-26,0,-0.00014467484449254275,0.49030999004404213,0.48862073953179425,0.5061780849387316,0.47082345707251055,0.5101405794519392,0.47624061856612737
2026-02-27,1,0.003919085156118163,0.545698373667749,0.5377296497408464,0.568187261714408,0.5542081448296776,0.5758203727756914,0.5728689513954919
2026-03-02,1,0.0047344604050754135,0.5265398004695147,0.5493766879491437,0.5275395435498182,0.5263267848122881,0.5558762583614286,0.5546237160452686
2026-03-03,0,-0.014324852704938107,0.5313820372877092,0.5344417120311316,0.5105189103676235,0.5085079157871915,0.5218117499767904,0.5123017322587551
2026-03-04,0,-0.009751433292356726,0.5278171745641334,0.5629772106517358,0.5406206095703987,0.551122498804648,0.5286473320080746,0.5173972903824432
2026-03-05,1,0.006391467526798644,0.48953912911001735,0.5173018782908853,0.546276426841523,0.4691583969556203,0.5055238450726283,0.4872751321047331
2026-03-06,1,0.0038035159217313375,0.5044872205435129,0.5183730635903826,0.5503367496834488,0.4779805662109661,0.4652315766463767,0.5229856979982199
2026-03-09,0,-0.006690276936536121,0.5180019221532554,0.5066794604291105,0.5008852104182968,0.5393837713893318,0.493001139886361,0.475896367852491
2026-03-10,1,0.00647756360027163,0.5359363671033911,0.5055332256133174,0.5435876714230845,0.5568381646556992,0.5536594147414015,0.5579500214121484
2026-03-11,1,0.0024968846543580447,0.5137601770444169,0.48646924150551807,0.5128933815030747,0.4934792669207019,0.4917894157548701,0.5445329677750904
2026-03-12,0,-0.001047555385559673,0.47276023086899854,0.4287584949006328,0.5062220840397254,0.4870389306212025,0.43682015719922623,0.4913672833162122
2026-03-13,0,-0.008150438485065692,0.5277155956280755,0.5044071072627321,0.5413026492721303,0.5284902881043047,0.5426609106988579,0.5206627595313418
2026-03-16,0,-0.0026036217274345574,0.5486510972495633,0.5557150313378391,0.6033782165046876,0.5864157380899647,0.571848093255409,0.5411275582420938
2026-03-17,0,-0.008538758211568465,0.5312539002995595,0.5511086505670215,0.5487076221036655,0.5079192520408721,0.502030437665467,0.5248029112744799
2026-03-18,1,0.0032289630354473964,0.5062067373327284,0.5269797421920104,0.5251756528223493,0.5306664505386482,0.4731753388003082,0.4769526806108437
2026-03-19,0,-0.013889299096427554,0.45728409353144844,0.478876814129779,0.43740273293319715,0.47882883465749476,0.479432496194015,0.45080062274689475
2026-03-20,0,-0.01235451330720283,0.5359393768133489,0.5493048646640271,0.5475919457305823,0.5543268965281578,0.5296035423984912,0.5278710639829219
2026-03-23,0,-0.03633259397839761,0.5248802599353707,0.5483135487707849,0.5400204361639473,0.5085570716360277,0.4912618198265237,0.5662828823470223
2026-03-24,1,0.01783161648374909,0.5674877716785564,0.5905421466860239,0.5933954633677536,0.5753513669318058,0.533313303875062,0.5639764326455422
2026-03-25,1,0.013026115096050894,0.46067078924068555,0.45278439807870763,0.49773234502846664,0.45080444787361973,0.4689950069957523,0.46587300288306477
2026-03-26,0,-0.010873794902028111,0.43742476805739633,0.4393544280580009,0.4869004850095621,0.4812822469232539,0.45531704654177163,0.39651806983790516
2026-03-27,1,0.006335682129776643,0.5064965692761748,0.505729622109876,0.5256670434937556,0.5298382124090423,0.526448988702789,0.535441522821853
2026-03-30,1,0.0024434528341803485,0.5000159337979765,0.5196209316018019,0.5098430561567068,0.501080132667014,0.48249139580950856,0.514331328112632
2026-03-31,0,-0.008010120085530259,0.486908676747245,0.4879029075498083,0.48314572754570595,0.4983299085710278,0.5165127062178231,0.4906127743000274
2026-04-01,1,0.01456655312201538,0.4788935825845976,0.5170793868169781,0.5123270038207179,0.47758311543395343,0.4677339113298408,0.5133032279584384
2026-04-02,0,-0.007412084227331972,0.4472593675828161,0.47932038303873975,0.4603904174436767,0.44130054440230887,0.44689535011805986,0.4505760697304652
2026-04-03,0,-0.009998762529389804,0.5013462050808273,0.556861766975443,0.530053567642957,0.5144514931528255,0.5164023654295149,0.5251161186104751
2026-04-07,1,0.002594780491312454,0.4999819735260011,0.5095853630839765,0.5161518604871236,0.5203267487005532,0.47371678651650634,0.47263857224089517
2026-04-08,1,0.026948214278828875,0.44675738926648223,0.46769771335897725,0.46571953547384615,0.4482056467787909,0.4634052158909512,0.4550217631987073
2026-04-09,0,-0.007215773324542374,0.450359131135539,0.43898200251179187,0.4510337361249179,0.4684299354508612,0.4277259626777647,0.4351771450485865
2026-04-10,1,0.005056262072411943,0.515585564799571,0.49285485900692694,0.5519643569884558,0.48223525335497097,0.4777479059789834,0.5092109687712975
2026-04-13,1,0.0005852655080935687,0.49429233962311386,0.49053088697185615,0.5305990809506157,0.5259601262253503,0.48722926743088807,0.4985099194477322
2026-04-14,1,0.009544301474367467,0.49447464111114403,0.48319049243341805,0.5181767810856555,0.5351908783555477,0.5174668159299958,0.5174352403494882
2026-04-15,1,0.00014503457733594516,0.47509797044115853,0.4764632912780271,0.4917996417625322,0.4444172088771871,0.4446254913413477,0.4424407320251029
2026-04-16,1,0.007036384991098155,0.45093652670795026,0.4493553918819194,0.45455662054930507,0.45498511596706964,0.4183593036446661,0.44463155789267017
2026-04-17,0,-0.0010163857057999826,0.5164025452450216,0.5446890670556771,0.540334572108599,0.5205411915629216,0.5100094944440826,0.5039950042899776
2026-04-20,1,0.007578074381236144,0.5151322588882287,0.5377871905734872,0.5477820904020678,0.5434282838552995,0.48128595400094026,0.5134780207813441
2026-04-21,1,0.0007226624747345145,0.5262798559844316,0.5030862602799083,0.5736796584232992,0.5064765361998904,0.49278335746048824,0.49038466022235816
2026-04-22,1,0.00518496958564052,0.5149433386351085,0.4747286563939527,0.4855219923753549,0.4900070204992635,0.52327374809149,0.5009250151469675
2026-04-23,0,-0.0031678477095203883,0.4965360966658666,0.451299974921225,0.5279244446656275,0.48607727557450925,0.5147170892906675,0.47044679856523547
2026-04-24,0,-0.003261467049410549,0.548998960294312,0.49957627414628736,0.5722084755673306,0.5576769124124641,0.5702837090572396,0.5106356182262352
2026-04-27,1,0.001579450476727251,0.550915327268151,0.5168163517864984,0.5657981881720096,0.5520637727187728,0.5348958129997372,0.5451514629727605
2026-04-28,0,-0.0018860379840757169,0.5383493236580028,0.49783210449671267,0.5587595929206709,0.5379390377285297,0.5679084275019163,0.5349435468478154
2026-04-29,1,0.007080061304793661,0.5167243812277429,0.5160840409848316,0.5372841840809178,0.48014300156222656,0.5064676509815237,0.5004806150299792
2026-04-30,1,0.0011308543318415687,0.5032356967992335,0.47982046287809255,0.5352890962628032,0.49195772513758207,0.504018224178544,0.5225045353966579
2026-05-06,1,0.011676348117862334,0.526682660639648,0.5552851483546924,0.467779610287445,0.4928127449418357,0.5442622777077569,0.4894049184682094
2026-05-07,1,0.004787780511103623,0.5151323377489714,0.54986805891544,0.48295254082069067,0.5353391241184946,0.49313450936906633,0.522083263487449
2026-05-08,0,-3.349208581993057e-05,0.5676789761092745,0.5937285585574025,0.5505182807560661,0.5735306536699339,0.5313898702456318,0.5695702603006467
2026-05-11,1,0.010782181230789112,0.566939049563541,0.5617523905947399,0.551276165272169,0.5615854364322184,0.5610406363961717,0.5787660550911415
2026-05-12,0,-0.0024927686749959266,0.577367813956383,0.5925292695260876,0.5290417472753823,0.5758268988235797,0.6001613485997749,0.5810402392888568
2026-05-13,1,0.006663441285527316,0.5424788594641885,0.5911880752476121,0.5242584003589513,0.5661661953792436,0.512706108157724,0.5223747127528836
2026-05-14,0,-0.015239340664106704,0.5210598037674703,0.5447848677728135,0.5216918161818486,0.5531668596169155,0.48792788077013266,0.5287182101391594
2026-05-15,0,-0.010179472167715975,0.5747822223341753,0.6213875204732071,0.5727548723628413,0.5556007223413996,0.5422604446149989,0.5734425368392876
2026-05-18,0,-0.000933648563653855,0.5560294624523092,0.6164251155739693,0.5400341699219213,0.5634007000126503,0.5258169625688633,0.5393780294711106
2026-05-19,1,0.009199986058426646,0.5312621145343818,0.5851224329910858,0.5257720647187822,0.5246010222272568,0.4978062172719697,0.5530968700008326
2026-05-20,0,-0.001763504733617749,0.5107516701305563,0.5662490656830969,0.5036054738266854,0.5404281294704093,0.4765815817948883,0.5347459396937183
2026-05-21,0,-0.020399862091665888,0.4844260135336841,0.5277898543208317,0.47248830975397466,0.45690900054875294,0.4921236627102437,0.4879067682402339
2026-05-22,1,0.008736958514224069,0.5679813624590083,0.6116308525049149,0.5211077511797146,0.5449600629222566,0.5850501965610228,0.5510665165565504
2026-05-25,1,0.009645019329427074,0.5198205225395558,0.5452636920311447,0.5121787429966472,0.5132798764203848,0.5486305723808904,0.5430328971293394
2026-05-26,0,-0.0017329031739149459,0.5198232480599525,0.5398783465454274,0.46142286098289276,0.4780933727127148,0.5025821917649459,0.5179447285789183
2026-05-27,0,-0.012458709988220518,0.5088594310493882,0.5396170295113415,0.4867924752777994,0.502347704862616,0.5375554965832967,0.4470249480225399
2026-05-28,1,0.0011991517753873193,0.5009318259640351,0.5368561692136058,0.4845921297514231,0.5018015786337303,0.4896006507284912,0.5087879598460715
2026-05-29,0,-0.00733585514790791,0.5133165756063274,0.5542536711825458,0.5085321415424674,0.4774151104433469,0.5136981076270422,0.5039282118356236
2026-06-01,0,-0.002661623779761424,0.5187926999992717,0.531787419369343,0.4719744115049741,0.5185016702668117,0.5112936706165754,0.5024878678955784
2026-06-02,1,0.004278736439495834,0.5163979964228832,0.5723025116629706,0.5058589486318025,0.49804106048959623,0.5729394569145979,0.4933540148209401
2026-06-03,1,0.002177123419242033,0.48926142927459665,0.5333172884739513,0.49169892815861177,0.517731890664782,0.4637187793285122,0.49469834779358696
2026-06-04,0,-0.006413605963211388,0.4607321131784666,0.4999541737598406,0.4524028591551147,0.4450052688542094,0.4785788823126071,0.47062844759258043
2026-06-05,0,-0.0074042931345974505,0.5187978344161348,0.5837072396034185,0.46105744855653397,0.49186845941262464,0.4960518619544874,0.5060315521488352
2026-06-08,0,-0.01698174855551593,0.5203313054624864,0.5256441442429689,0.4990281105797332,0.5049725959543047,0.5412344703147767,0.5289341453268837
2026-06-09,1,0.012803402993126545,0.5483747612095187,0.5418105837119056,0.586234888327187,0.5150269063019046,0.5409613578909339,0.5669552309838949
2026-06-10,0,-0.004190740670084514,0.4708950573169347,0.4633003871213297,0.5072304997857675,0.4698239058490769,0.4930631530043312,0.4688912389281658
2026-06-11,0,-0.0015553840428766952,0.4421758136115228,0.41356476180256907,0.43407828515811514,0.43586021115973095,0.41208874222269126,0.4565563833860224
2026-06-12,1,0.011160730521455386,0.49336954465843824,0.4787815910557229,0.5046932040343761,0.4887701992528685,0.45972027365498963,0.4997242570008437
2026-06-15,1,0.016112809260443894,0.5193299558470614,0.515461039672449,0.4888722674118214,0.5272379691284537,0.48924337585521704,0.5002037062312118
2026-06-16,0,-0.0011180352264094084,0.5330403058898379,0.5394967081383751,0.56118334580052,0.5222394040503233,0.49977106140257477,0.525808548113086
2026-06-17,1,0.003955138600921115,0.4910163099307819,0.49145929957587425,0.504880938617729,0.5201368477236386,0.4573587165180276,0.4866274832409259
2026-06-18,0,-0.004283026896289122,0.46431838081479687,0.488955543172531,0.4326740293579926,0.4562895321472432,0.4722088539039252,0.43199353933762635
2026-06-22,1,0.017752435471525052,0.5237510672511813,0.497993986403792,0.5343515742810352,0.5124471287067955,0.5533418635662837,0.5391741194107783
2026-06-23,0,-0.013654498081596356,0.5466440270109016,0.5317091275338618,0.5534587435078553,0.5629169126238301,0.530557274505837,0.5613972872484372
2026-06-24,1,0.0011107452733050138,0.5214752987438985,0.4949158525139408,0.5554617526164506,0.4917920975244345,0.550608136051597,0.4855915805481252
2026-06-25,1,0.0023031940397191253,0.4567872634388271,0.4461033244756772,0.464946651745512,0.44635216230225033,0.4466134557131651,0.4481725590350611
2026-06-26,0,-0.0225751593155904,0.508216455549414,0.4932896299402884,0.5278211759162259,0.5042697606481592,0.5091656238605983,0.5115343837525249
2026-06-29,1,0.011580315673291874,0.5428051591830355,0.5304839422638955,0.5778725543564068,0.5312682555129195,0.5339467630157115,0.5148394035631891
2026-06-30,1,0.0050308033919324036,0.5198786936076039,0.5065951891802565,0.5510824118991462,0.5000477846118397,0.5758523378059736,0.5343184935019888
2026-07-01,1,0.004407975093768224,0.48716675173342433,0.4486197639371852,0.4820766250929851,0.48783388100316655,0.4608326160416262,0.4669637980122924
2026-07-02,0,-0.020314192651816554,0.46753362431919626,0.45854038097225663,0.48124642318212363,0.44885398576536656,0.48474027193929203,0.44945198558230015
2026-07-03,1,0.0036583150156965782,0.5620195582332851,0.5462543407872401,0.5730398006141518,0.5355358963255373,0.5382246037607734,0.5627204298690408
2026-07-06,0,-0.000594760714533904,0.49810010639749713,0.5036926116405154,0.5223673502117598,0.4792435346341909,0.5186786911781468,0.4742534789683028
2026-07-07,0,-0.01262063753730902,0.4973455971696401,0.49517003917757535,0.5149609647632132,0.48443542023458347,0.49055943202160446,0.5112777620065777
2026-07-08,0,-0.004850591506515234,0.5007495494221232,0.49646957623985827,0.500281609672655,0.483209383602884,0.5216837214428736,0.5022153972156245
2026-07-09,1,0.01654746554919817,0.44530387679344197,0.4444777416917103,0.4579062237675945,0.4378781636209364,0.41423361859299546,0.4827897084156077
2026-07-10,0,-0.010014893766715938,0.5151576963576862,0.49494738383296455,0.5509157839374709,0.55480909010798,0.48082604238211063,0.5237349624643706
2026-07-13,0,-0.020611777000031473,0.5239953354958241,0.5047194058299815,0.5395356837469054,0.5535893314594246,0.5406449173794543,0.5513187734029089
2026-07-14,1,0.01362667529256778,0.5458842770544459,0.5503878048287522,0.5608615929104134,0.5448509907958563,0.5106260209220824,0.5578599282011246
2026-07-15,0,-0.002910923424161549,0.48150577666454597,0.4882318453312394,0.5015186613700442,0.46492359006510653,0.44713593293087783,0.4766559410852202
2026-07-16,0,-0.01849666470993616,0.4360065314536382,0.4428204728668434,0.4318515360474138,0.41977596207894946,0.44383001356162594,0.43466669882277265
2026-07-17,0,-0.030459922733619527,0.527958242951318,0.5366434368184761,0.5289330517224552,0.5262008482592408,0.5437813354166268,0.5336476060129052
2026-07-20,1,0.008534717619226528,0.5403727710217847,0.5675178259307868,0.5537321194225376,0.5460409579647006,0.5676414403285927,0.526538416190826
2026-07-21,1,0.01793492104509653,0.47394429813455574,0.5001595759737886,0.4715411197832699,0.49551466842381925,0.4580386671113104,0.452515150415703
2026-07-22,1,0.0006901518411681629,0.4850187977907747,0.5086249631727705,0.49737664636261275,0.4991499793776871,0.5143028137902195,0.4770200165096006
2026-07-23,1,0.0025195020266177703,0.4478362664422217,0.42931165242888236,0.4696284100217756,0.3906786634802097,0.43703885309799034,0.46412294571170276
2026-07-24,0,-0.016142016938296977,0.4945442973634998,0.48785398280113523,0.5102794445624099,0.5179912641188613,0.49406315545484514,0.5151946493802243
2026-07-27,1,0.011548168186339636,0.518998802579264,0.5096982643492046,0.5235783570223049,0.546762049186594,0.5091759907711257,0.512372393310728
2026-07-28,0,-0.011645191013012313,0.48790325463912526,0.4715472640819619,0.48744277513616713,0.4643706522710507,0.5433793821903022,0.4864612110929054
2026-07-29,1,0.0039739701545769,0.48299808350197865,0.44876671039148863,0.49558725548349886,0.4963181816570672,0.4558231603252424,0.49118297431635854
2026-07-30,0,-0.006210315402841116,0.4309889352775029,0.3921780536022081,0.46681236836322276,0.4072075650485702,0.4478519960143214,0.4409114393959154
2026-07-31,1,0.007246051126858388,0.5059904355512241,0.4718493695481802,0.5030218588406339,0.4886990912720665,0.4832894951091849,0.5129889386507539
2026-08-03,0,-0.005897039398663262,0.4887973282503622,0.46187677410137157,0.5042471276008508,0.4790391533169903,0.5108123004881873,0.45723922559558267
2026-08-04,1,0.0033131539456376924,0.5084215510782726,0.5281435892091789,0.5270500990596961,0.50658748137685,0.5020026573180613,0.4859502038097649
2026-08-05,1,0.014688857581263592,0.4747653687718999,0.48608144346276266,0.47359358571910753,0.46275415616492943,0.4980275648177775,0.4666541430703661
2026-08-06,1,0.005652287136805434,0.4746893915257087,0.49699679601167407,0.4774389723960926,0.46833784184604255,0.44480409244921904,0.47686246488896894
2026-08-07,1,0.010174722691695504,0.5184493192675834,0.5271045668117724,0.5256960076498663,0.4568020925803642,0.48581144272055765,0.5222820397403453
2026-08-10,1,0.006740292032790585,0.5286593208774839,0.5211754397526991,0.5304708092479427,0.5108302367441685,0.5461152842497577,0.5461885728564174
2026-08-11,0,-0.008193679514465146,0.5296774516146789,0.5366875832839448,0.5585140885820551,0.5323173946200912,0.5498979017022579,0.515296194650812
2026-08-12,1,0.0031981958738647176,0.5001274298551315,0.485189901289775,0.5125612606883075,0.529310323659832,0.5303421848364288,0.5218625116591662
2026-08-13,0,-0.0049940772929111255,0.45283933739246585,0.45131340759320204,0.46936124518565303,0.4284977167148536,0.4202986738285942,0.44548486799361786
2026-08-14,1,5.3731062028772314e-05,0.5116125204734123,0.5072644284663913,0.5009154787686912,0.5095748133666747,0.520791983739826,0.49618142277380445
2026-08-17,1,0.014126690527748176,0.5207837837072989,0.5351837877460436,0.5378397060827663,0.5045484836581479,0.5515009289522126,0.5083802230078703
