date,target,same_session_return,market_regime_v1,R0_prob,R1_prob,cycle_R2_prob,cycle_R3_prob,ziping_R2_prob,ziping_R3_prob,qimen_R2_prob,qimen_R3_prob,meihua_R2_prob,meihua_R3_prob
2025-01-02,0,-0.026613456858375684,down|mid,0.4945160239798483,0.4904321523845354,0.531996769890601,0.5307052925117548,0.4728560924150762,0.45619213005578435,0.4989837681458526,0.4619217003037882,0.5210149010276807,0.4625050572424752
2025-01-03,0,-0.015672044139557917,down|mid,0.5653235791863024,0.5624007292428229,0.5892682629305084,0.6032549005939656,0.5712895868252088,0.5536838594741355,0.595743857321075,0.5731356316604586,0.5463124231252315,0.5294075420471301
2025-01-06,0,-0.0014034246426046781,down|mid,0.5344391143984588,0.5354401202943011,0.5093498058829835,0.5457192307161597,0.5657433193110881,0.565308413131538,0.5328756330591519,0.5634149825918691,0.5335417822238271,0.5590564547396683
2025-01-07,1,0.007084984578675568,down|mid,0.5021421492068043,0.5059292587183062,0.46524173110871236,0.49668191887667645,0.5068286145680391,0.49014061387318536,0.48442591033351534,0.4708755566104142,0.5179021433540075,0.533337702925256
2025-01-08,1,0.00016224698449751607,down|mid,0.48610191451674445,0.48910265330332686,0.4762167591540518,0.5078830796848188,0.5075059768729622,0.4964532346105226,0.49341518454936073,0.5022150266927865,0.4431970077297962,0.45034299172577547
2025-01-09,0,-0.005812391182130505,down|mid,0.4613952359527861,0.4625167087983119,0.42006691196687024,0.46266328475376556,0.4540063463572189,0.4830844931846241,0.47643774416196566,0.4892256767053111,0.45363189481235083,0.42406757997476546
2025-01-10,0,-0.01334903576111679,down|mid,0.5278070643943434,0.5325108189863764,0.5077063886383959,0.5478000647968977,0.5192321981319602,0.5203485481906563,0.5281969209550396,0.5125344708429467,0.5893346011106898,0.5681518325481939
2025-01-13,0,-0.00245193029940749,down|mid,0.5238833902138567,0.529330474326819,0.4945937516237894,0.5351797468094136,0.5366043466327696,0.5530356752029193,0.5283258441163196,0.5527547027190329,0.5060866911090078,0.5263383914817605
2025-01-14,1,0.025368938750393477,down|mid,0.5110499568737464,0.5161064324702058,0.4823039958215352,0.5117939846276084,0.4934292083232529,0.4702122827290321,0.49258702381360864,0.47085719809806065,0.47546034094099277,0.4766639464114325
2025-01-15,0,-0.0042651206131554265,down|high,0.5201370792236996,0.5069181583079406,0.4691854757857618,0.46699303181848373,0.49350265377404867,0.4983102780474598,0.4634265273966654,0.47557021953554174,0.517425996999792,0.497062782040871
2025-01-16,1,0.002762527667884429,down|high,0.47620177823168935,0.4665725885251945,0.4122207978525496,0.4225492137097714,0.47838675090578014,0.49105410130920957,0.48846161503991603,0.48178165194124123,0.48805120533013324,0.4826163066506667
2025-01-17,1,0.0017889192690305755,down|high,0.5105696498938511,0.5001207885520578,0.483074756830729,0.4788660558567307,0.5016661031247578,0.4796212168468035,0.47889083886607,0.4911965905548414,0.4938053051087981,0.47173273935353777
2025-01-20,1,0.0007887542217785981,down|high,0.5082116042690268,0.49870358911988344,0.5017267608264386,0.5045641140909377,0.47237916062063784,0.469506979299103,0.5006156066163752,0.4672591022596888,0.4657895630073544,0.4886613607544624
2025-01-21,0,-0.0005409357356017663,down|high,0.4934322859449012,0.48441325644344424,0.4834414187895344,0.48277928965766626,0.4910544736516955,0.49947573963100866,0.48077849609691836,0.5038036784552863,0.45199814981524017,0.4374742988325753
2025-01-22,0,-0.008943068620681505,down|high,0.4841348759832018,0.4731985807721784,0.47192691160107453,0.46933699237840876,0.49432903839131254,0.4985757120083255,0.45629459115289267,0.43424511868005844,0.48314448099171825,0.49085094307739296
2025-01-23,1,0.005146837340024968,down|mid,0.46693375231589385,0.469420473344292,0.47324933850577106,0.5114791440730173,0.47744055452345363,0.5192748737707138,0.4850711522669622,0.4861315658382841,0.48351281215236636,0.5145800706420182
2025-01-24,1,0.006953826493020232,down|mid,0.5068366794812574,0.5062009398099497,0.47680385580386025,0.500840585778757,0.48556898325904724,0.4869615955589662,0.4840882860621167,0.46394112784972696,0.5229675942675261,0.5325022313660717
2025-01-27,0,-0.0006225738833791628,down|mid,0.5266187141479732,0.5254013604494548,0.5060543193419856,0.533933378418763,0.5259923714838781,0.5076782695786402,0.5148685265771187,0.4988247550975096,0.509009724356439,0.4929550091619372
2025-02-05,0,-0.006495106597210865,down|mid,0.49901039656245955,0.4975201308973099,0.48971888690919835,0.5044589389688026,0.5109613783614774,0.49117346472698403,0.46364741981269786,0.49819301084017636,0.4643946471892712,0.471274696574811
2025-02-06,1,0.01274846043707245,down|mid,0.4826856265130334,0.4789019784862466,0.46348387250163164,0.4623601659230882,0.4608227737289543,0.4294633980369055,0.4954152577036911,0.5173282880541592,0.4891502635544921,0.5315171345520481
2025-02-07,1,0.010092155739867659,down|mid,0.556631072865192,0.5458904772221649,0.550211300723872,0.5515216351233451,0.5907914151613778,0.5938323617951867,0.5539812717487839,0.5787326598025011,0.5609307838414953,0.5877135782116552
2025-02-10,1,0.0056007460800377995,up|mid,0.5881695967323937,0.592878891975118,0.5852506691855294,0.574714081207839,0.6071592539733719,0.5929366343916147,0.6237283923090686,0.6416955057220178,0.6231029148377517,0.5990622646575322
2025-02-11,0,-0.001238046216780031,up|mid,0.599297439534163,0.6039951842226898,0.6022281118613648,0.6038697038932785,0.6219895755850333,0.6139525068630095,0.6069841721424288,0.6313355601942673,0.5895376018651952,0.630229289369348
2025-02-12,1,0.008537526630796322,up|mid,0.5585306170418336,0.5646980391655014,0.5760040523849215,0.5702971088990852,0.5695084144062186,0.5587373034558623,0.5578955713727246,0.5922669238282733,0.5939816764043847,0.6290681994031905
2025-02-13,0,-0.004154333706372748,up|mid,0.5303215214915418,0.5363166567724411,0.5326107303354286,0.5238316656583949,0.5460293191565829,0.5466715813331138,0.5674656581052031,0.5786739094103083,0.5223026483645931,0.4610006999294144
2025-02-14,1,0.004273390141825262,up|mid,0.5753529453223347,0.5821165524086829,0.5664278792378131,0.5621225529916138,0.5541048910836287,0.574520982714631,0.5874128882902908,0.5839395102270176,0.5821081817939271,0.6017383037399896
2025-02-17,1,0.0027208697221521305,up|mid,0.5807657018054793,0.5861241089904555,0.5980431164359987,0.5942491972539877,0.5959259950640013,0.596958330983248,0.5812673885799483,0.5716562796339635,0.5774835206928871,0.5813105129306777
2025-02-18,0,-0.009338673293939226,up|mid,0.579231035061599,0.583961960387773,0.588951883494204,0.582997635881696,0.5856728034920592,0.5837044117853676,0.6121924209254117,0.6362494235882253,0.6399294361963616,0.6208364060278138
2025-02-19,1,0.008135982320301105,up|mid,0.5728223110369267,0.5780887612025858,0.579436481781153,0.5645463735736913,0.5748920848929725,0.5751912310787844,0.5481869324266606,0.557583642377724,0.552056151610472,0.5468193503766589
2025-02-20,0,-0.00022556801517159553,up|low,0.5238927969091276,0.5282333192869834,0.5213895623475883,0.5058386289252231,0.5413508944711175,0.574614467785439,0.5406053402472544,0.5600290776449808,0.5436529613891142,0.5438381781538908
2025-02-21,1,0.00845474028010762,up|low,0.5610893572795198,0.5662386150977121,0.5691396371623347,0.5502579259413662,0.5866027531780812,0.6298054220255078,0.5618222146662896,0.5755761320994732,0.5460070088638928,0.5627867934118801
2025-02-24,0,-0.0018007684265072266,up|low,0.5798869362672698,0.5823516278501942,0.5610244358919685,0.5440123627115537,0.5929710341146922,0.5939552989450436,0.6221943347273117,0.6246777862285283,0.6035320565027288,0.6044547674559232
2025-02-25,0,-0.008001119468916351,up|low,0.5875856566708694,0.5902457208921181,0.5667388582603374,0.5381909435017087,0.6012735103748403,0.6001585147310211,0.6096427670168503,0.5802561325141756,0.5845808707882286,0.6101738136004825
2025-02-26,1,0.010213267026096595,up|low,0.5696064898822826,0.5742753015240593,0.5488894249309125,0.5224988280925932,0.5551007928925836,0.5796797620774821,0.5660250629426016,0.5586567962778541,0.5995308064031278,0.6034272339211658
2025-02-27,1,0.0023217464929734533,up|low,0.5215548568247368,0.5255119211630793,0.49497506634479527,0.46471321107723496,0.5484442161824086,0.572911504965724,0.5596419726921016,0.5483557641314496,0.5006023351372018,0.4939604672186721
2025-02-28,0,-0.01982401738811157,up|low,0.5713767947145477,0.5743184062162652,0.5566194058324708,0.5333300763069347,0.5750190252236946,0.6099501196770757,0.5864745939862904,0.5798833884726483,0.58687666396329,0.5755546036211139
2025-03-03,0,-0.0011960623891676958,up|mid,0.5889450221443434,0.5952773010181666,0.6150682142238416,0.6173391644130738,0.6144424141838092,0.6062738988143941,0.5747319388482847,0.5919069974378715,0.6198513776103571,0.6022582524749069
2025-03-04,1,0.002196311342583801,up|mid,0.5325092865159661,0.5415598305938322,0.5477373500678967,0.5497823292421347,0.5546308815105201,0.5595323315540434,0.5488222380536262,0.5654317106458588,0.5169263042836363,0.5343555391114152
2025-03-05,1,0.0053411186417224865,up|mid,0.4896385776377406,0.5017276732291324,0.5506933737389724,0.5623151784321505,0.5039481007492947,0.4894312039741971,0.48839466322823283,0.4704390113155983,0.469499339889695,0.5142472159934689
2025-03-06,1,0.011709578047645497,up|mid,0.461989563081548,0.4731740658083934,0.48443730344510955,0.46501297791698026,0.4439326749193604,0.444553839902288,0.5039059420668034,0.49354024768793103,0.44111047956197963,0.4117891006822809
2025-03-07,0,-0.0025293558483072687,up|mid,0.5419007698688948,0.5494533711825063,0.5451185118412207,0.5230283384762608,0.546696404593515,0.5651819158483582,0.524781371030833,0.5110814153954965,0.5602473120346729,0.5519747292562575
2025-03-10,0,-0.001892635415499111,up|mid,0.5447960075329337,0.553142065795355,0.5345571988112984,0.5203601274565673,0.5152616055057815,0.517443256377551,0.5670159202560044,0.5646277405328233,0.5787357150607999,0.583410254064723
2025-03-11,1,0.00405951821109074,up|mid,0.5250720479912864,0.536180082983404,0.5376704632494519,0.5188670994119237,0.5112632582833222,0.5193523371775494,0.5104444528460824,0.5308524631354603,0.5671790112564995,0.5424709725161133
2025-03-12,0,-0.002338580543151947,up|mid,0.5021600061214899,0.5116542573584961,0.4907309378527732,0.4669783395352645,0.4887391811477452,0.475016809061561,0.5059994002511465,0.490698374032324,0.4958696613373496,0.538661035687256
2025-03-13,0,-0.003913196145583386,up|low,0.4655908585508314,0.4729980722078485,0.4693741227558249,0.4489381237826518,0.46913096255363523,0.4716209764290732,0.46446915011202,0.44237178768686736,0.5040968869972813,0.49249419286065427
2025-03-14,1,0.018111910785300056,up|low,0.5391142523673543,0.544594618294662,0.5311433096714864,0.5101253947246984,0.52275119057256,0.4932002157283103,0.563280090833365,0.537933307037921,0.5315219798690475,0.5501226256931137
2025-03-17,1,0.0019204213873005305,up|mid,0.5601529867374352,0.5655453499638162,0.5559390119373886,0.5467423426833443,0.5629604461621618,0.5807422432426587,0.574618481780187,0.5932565369892718,0.5210250040587365,0.5010763317762607
2025-03-18,1,0.0010595047647068423,up|mid,0.5354655089095147,0.5441906373639196,0.5551856392732195,0.5474708189775882,0.4810449736885772,0.511629796673983,0.5376640231573481,0.5237973979377458,0.5361637470615956,0.5402202818275507
2025-03-19,0,-0.0009709136997672063,up|mid,0.49971098377888346,0.5091649538980404,0.5534290225318497,0.5557674223590953,0.5206952682236451,0.525368664789355,0.5229258657299369,0.4705576054295895,0.5672693524708418,0.546609720233192
2025-03-20,0,-0.005101812995395583,up|mid,0.4629219584667331,0.4731707451023171,0.48235846003816746,0.48464402443887905,0.43502500353413187,0.4377848196061626,0.4726330226144503,0.49411994276104115,0.44729460387969944,0.4422562948749545
2025-03-21,0,-0.012941529175569677,up|mid,0.5187085597797442,0.5296550904694608,0.5615460584152607,0.5526346979596439,0.5060988996657232,0.5125142341164564,0.5277349459005393,0.509906755691213,0.5450512076508149,0.5954683151055301
2025-03-24,1,0.0015445055041396483,down|mid,0.5493767374027941,0.5375969330819224,0.5682133631135142,0.5454043131654794,0.514786849775143,0.5182982686494729,0.5485922416788314,0.5456828992341327,0.5491231955370666,0.5501829779803307
2025-03-25,0,-1.5430138859295894e-05,down|mid,0.5303504971456204,0.5184027312632553,0.5170363301320547,0.4794385908494807,0.5022002433584836,0.5074533433272319,0.49205012790760017,0.4669333439928234,0.5412070238238779,0.567184975383212
2025-03-26,0,-0.0003795279254213968,up|mid,0.4972001569657205,0.5083949441713674,0.5083983261245119,0.49729367353949466,0.4790448032041497,0.47952829986723716,0.4860271557428174,0.5173991662356147,0.5022718438009376,0.4984425804430823
2025-03-27,1,0.0014996896426124895,down|mid,0.4604109195557794,0.45207403558156406,0.45867302165991286,0.42287481325131904,0.4072168710579872,0.38962764715395065,0.4698702222930594,0.4660296664339277,0.47880552488793815,0.43321914056619604
2025-03-28,0,-0.006651947136553482,down|mid,0.5130524858357953,0.5040817072670791,0.5279439337943789,0.4901797218757564,0.4410596037555734,0.42201392708434204,0.48918454238632175,0.469690863598384,0.4793048572305351,0.4803480026581718
2025-03-31,0,-0.004643263061247405,up|low,0.5302767467594076,0.5401947862348323,0.5546002607021586,0.5519890473616602,0.5170654394712352,0.4946063739083543,0.5847500232261182,0.6030359933834962,0.5659717519096431,0.570790407418796
2025-04-01,1,0.0038039467033761376,up|low,0.5421382712855253,0.5524091968648046,0.594354647169733,0.5993893675968597,0.5283378188876398,0.5332775813017051,0.5794690995236031,0.56729243034411,0.5274205870107808,0.52243967355976
2025-04-02,1,0.0005053106899193249,up|low,0.5042085658997353,0.5162334768408415,0.5694452220475413,0.5811643697148976,0.5134980425922808,0.51749993568166,0.515148767899474,0.5252113721877244,0.48406932805974673,0.47908713666679353
2025-04-03,0,-0.002423490213953161,up|low,0.4602869168961277,0.4745490962530705,0.534057051092493,0.539999092956835,0.45094459094789663,0.42556784602436687,0.5168543308230579,0.5233513341076728,0.4423746902831147,0.4449723201675632
2025-04-07,0,-0.07343848369004502,down|low,0.5271188707108356,0.5073937882710958,0.49233408748084884,0.4805704916242374,0.4640505386635926,0.40858155034410676,0.526844341019185,0.514986579952417,0.5329551068174888,0.5444002723285891
2025-04-08,1,0.01581521009011233,down|high,0.6825838900299348,0.6701037887925791,0.6743545255980893,0.6718086598126154,0.7006288655011266,0.6752817893518747,0.6742360102866582,0.6860790574746989,0.6938971201036918,0.7403629069762313
2025-04-09,1,0.013117265062474015,down|high,0.49218807616356475,0.47962417850676703,0.4508679430690948,0.44050733056588826,0.45130543747445884,0.4320898583814686,0.47828436953760406,0.5035892654828745,0.4651391949329549,0.4558709555235835
2025-04-10,1,0.011556383970177109,down|high,0.47826206228387436,0.462702375067218,0.43104052027221174,0.4131181615922303,0.46760940201511664,0.4761961800920593,0.5000989473547913,0.4922573530674404,0.49431626762849296,0.46629601748773364
2025-04-11,1,0.0045256322204911825,down|high,0.5184066367504028,0.5061213442524181,0.4994460092314628,0.49371391199234294,0.5073115546996068,0.5205565553197512,0.48714970663579066,0.4723439766117166,0.4927827062700807,0.47586338473021544
2025-04-14,1,0.007590882294539636,down|high,0.5332676162330324,0.5200355715862368,0.5168012938320766,0.5021992017412665,0.5337185469128838,0.5358176702073782,0.5393051751285126,0.5221014052781273,0.4744494934259642,0.4918741625627843
2025-04-15,1,0.0014876756462531837,down|high,0.5162919696196473,0.5045960161092807,0.4870362596167359,0.46977657325584327,0.5100483387506654,0.5286004586965583,0.47600649450761245,0.46739663044360125,0.4961102471022377,0.5149102322209116
2025-04-16,1,0.0025528956177229833,down|high,0.48375315617756853,0.47197112177596634,0.4908455093098055,0.47373139444807455,0.4544312439450651,0.47438469847212533,0.4798419558833103,0.5037035120179063,0.5305270137731803,0.5589537031872834
2025-04-17,1,0.0013238689574248674,down|high,0.448880506895935,0.4357138958654112,0.4332640299476082,0.41289253180551244,0.39134192164107656,0.3908394585232323,0.4405274830700197,0.44816140894503154,0.4104989221321427,0.36395095996514787
2025-04-18,0,-0.0011008001911996246,down|high,0.5095330923036083,0.49527899587304786,0.5065431538193005,0.48258949283524005,0.5102426551546022,0.4839785078231966,0.5277588590595085,0.553464610815815,0.5106513728069791,0.47212573866809066
2025-04-21,1,0.004487400548717879,down|high,0.5027933776393544,0.48823826135827325,0.4587166356029703,0.46048749804991124,0.4886738397615099,0.5012034831312082,0.5125608934495371,0.5090382227937915,0.4993109627026126,0.4779375524612549
2025-04-22,1,0.0025286850655368287,down|high,0.4915443462727963,0.47736597662091723,0.45755318429327607,0.46394972061317274,0.5124988711576515,0.4860927785757741,0.4582702952893274,0.43797632306175927,0.4988329585916072,0.4930128745900679
2025-04-23,0,-0.0010309850088960903,down|high,0.4720137917616886,0.45643592326703397,0.43039501238697025,0.4352726801667739,0.4925243893582976,0.4912373929869193,0.4408276057838921,0.47049665618403397,0.44990766036165336,0.42765899245620637
2025-04-24,1,0.00028303990316569383,down|high,0.44451094046647577,0.42886212202960355,0.3885001226517211,0.3917410402711318,0.4587076974159285,0.4380107169980146,0.45190797350944834,0.4540539680198968,0.45532614561429224,0.4835333935154344
2025-04-25,0,-0.0006757068233045338,down|high,0.502999280788468,0.485957019586604,0.4419185523654013,0.4378718959133108,0.4830414609335649,0.48772862281631224,0.4603783571410068,0.47021254890996883,0.46126217512327633,0.45108390102256457
2025-04-28,0,-0.0020166552354130562,down|high,0.5001123794812008,0.4829655558845381,0.42998309788484396,0.4299271202323562,0.4962437065840855,0.47072956952987316,0.46889693418894446,0.4824791070688532,0.4763941830828848,0.45373361254544403
2025-04-29,0,-0.000535212252711359,down|high,0.5134956527410587,0.49552077454730337,0.45448709713284635,0.4502368305640701,0.46252031292977597,0.4429002393383633,0.5022321111876181,0.5276942441309637,0.5217622861509662,0.5499037261404728
2025-04-30,0,-0.002319683690560792,down|high,0.4886937577723284,0.4701442708349465,0.41735735739657837,0.409594346427563,0.474381219721123,0.4816731776267515,0.46475695434112335,0.4720248858004098,0.4448337889036198,0.4352668356404109
2025-05-06,1,0.011309133704438867,down|high,0.5119807491758617,0.4938949244557815,0.49890719476441253,0.5197541138521714,0.4980750278503321,0.48994112100807596,0.5056145712111428,0.5226904958903125,0.5194862215110192,0.5238748004919085
2025-05-07,1,0.008006660808403954,down|high,0.49851273420983533,0.4775276283701309,0.4676672182265977,0.4915915007610632,0.4513298019580698,0.45306120526542226,0.48230586887253885,0.47706026208912966,0.5084501369995679,0.5608852755427456
2025-05-08,1,0.002791485237078728,up|high,0.4656091289675137,0.49903050021642653,0.5180163389728646,0.5129879189219628,0.4747704885036724,0.48416532960142317,0.5133413859195061,0.5016920627419575,0.48356677794292036,0.49404957429736934
2025-05-09,0,-0.0029824021269716505,up|low,0.5686677655522923,0.5708856349896531,0.5801261851929123,0.5872235054060176,0.5566616273133324,0.5525917654489145,0.571604364476661,0.5706595425807272,0.6006597693399786,0.5871175825699063
2025-05-12,1,0.008152605671037039,up|low,0.5517074433748972,0.5574058726942692,0.5500016612421996,0.5509621407243629,0.572790398319292,0.5820478898808396,0.5838108083327505,0.5646664281169793,0.5692632835560468,0.596225509778981
2025-05-13,1,0.0016698102987464658,up|low,0.548415300264713,0.5539190666069962,0.5513682012791069,0.5449981610878443,0.5843715583702033,0.5810110937472304,0.5622907728976388,0.5630221340901936,0.5092803534968204,0.506679995419313
2025-05-14,1,0.008615736720010814,up|low,0.5179136543777291,0.5236437322458545,0.5219705235709206,0.5124899538657611,0.5651119143185406,0.5768148499804726,0.5364923525706211,0.5246667261370782,0.5153693773488299,0.5060824631690803
2025-05-15,0,-0.006794169593660082,up|low,0.517144840040075,0.5194122120245248,0.5182369479978667,0.5167686094293046,0.5293837981881209,0.535766670157845,0.5074103426474749,0.4765742680188757,0.5782787061069391,0.5901382004766144
2025-05-16,0,-0.003951407069466284,up|low,0.5630017931954022,0.569044264097202,0.5508156073003632,0.5408873611988694,0.5722617706763494,0.5614220466941328,0.565367893665554,0.5959341606010121,0.5435131969328316,0.5378509941204184
2025-05-19,1,3.593210554431181e-05,up|low,0.5396279113291368,0.5480040053378299,0.5655297461520787,0.5579903494112834,0.5347542357405719,0.5324162102487513,0.5781949701232093,0.5999271024535726,0.5080580745612351,0.46664890483746096
2025-05-20,1,0.0038291558069987186,up|low,0.5283955089225655,0.5371374127327777,0.5745675398447638,0.572760515722943,0.5557894813980044,0.5532874836808268,0.5182434754837366,0.5255004186319245,0.5488186868442048,0.539019748035551
2025-05-21,1,0.002099111427437128,up|low,0.5102487792303669,0.5181016126096979,0.5300955331718216,0.5456390680280848,0.5083973938482066,0.49369323830741213,0.5565073496074592,0.577637757813239,0.539801829382401,0.5404918138488768
2025-05-22,0,-0.00218002617802604,up|low,0.4878210455319761,0.4948395563736325,0.5070472652774018,0.5249522501473077,0.5099738554457122,0.5199798719025149,0.4903033941552598,0.47904365684733746,0.4888130521357299,0.5150124399253884
2025-05-23,0,-0.009412787273137657,up|low,0.5372367454356758,0.5457484306614573,0.5596272895537726,0.5712784431381087,0.5767514510838053,0.5740349392321052,0.5315815498646907,0.5289036884724171,0.5718222924373266,0.5746593291923923
2025-05-26,0,-0.0004578344341668039,up|low,0.5453211429919674,0.5549016599781589,0.5457537369375443,0.5636402051753455,0.5672332392889347,0.5615556282774278,0.5219082662023934,0.516747534840768,0.5217708984453545,0.5238617497847063
2025-05-27,0,-0.0018381523580907055,up|low,0.5150722870347727,0.5269869655706433,0.5213016337153525,0.5185694673318311,0.49984048782355256,0.5171037316878853,0.5020716707484774,0.5025657517320257,0.5525113280133169,0.5570852403447547
2025-05-28,0,-0.00022600141827122666,up|low,0.48729136247422394,0.49992030118042485,0.49095321003760234,0.48366398423371776,0.4758728578986812,0.4671759840735866,0.477240076048959,0.4528058981656604,0.47372828668498707,0.46760136952142894
2025-05-29,1,0.007040263095176913,up|low,0.4601334049519161,0.4724889260129917,0.4648323240334173,0.4766299968198619,0.459050113059665,0.4580038918055389,0.466463726026093,0.4522415113284219,0.4403845939407544,0.43504013900716354
2025-05-30,0,-0.004744836099643046,up|low,0.5350724614514295,0.5439525138814841,0.5445330574462935,0.5385336985900102,0.5549443756143718,0.5482587233098957,0.5394081930357808,0.5606239167363519,0.5117345106878941,0.5125516553726365
2025-06-03,1,0.0043283215140192954,up|low,0.5265925482576318,0.5382536748503356,0.5642877292797801,0.5652648250209972,0.5796547831452097,0.5934579553347373,0.5048282251726673,0.47573194887979126,0.5641350509818088,0.5866521115806308
2025-06-04,1,0.004231737525788315,up|low,0.5010427461563228,0.5107643145387033,0.5169323244778383,0.5215332113298499,0.5218645219478162,0.5307790381196109,0.49772060077849367,0.5134122510220751,0.5424088361426275,0.5568679585519171
2025-06-05,1,0.002338721931116172,up|low,0.46632787436784406,0.4771272164493444,0.4825531315770525,0.48078224667982655,0.48098433739456165,0.47234090589901795,0.5055149735214799,0.5178374176617613,0.4626306387670822,0.45101456411191404
2025-06-06,1,0.0003720340332833416,up|low,0.52131284807948,0.5311600033705989,0.5215977563622615,0.5409658446221278,0.49400236760360505,0.4738104968402023,0.5180761799206615,0.5036457251269334,0.5620748334270148,0.5505436991690913
2025-06-09,1,0.004257747629645037,up|low,0.5173938958409572,0.5281911730508948,0.5266609160681814,0.5499677257770829,0.5491176418473349,0.5586887259989133,0.5497476262640456,0.5678437190701352,0.5406885551251629,0.5697835045201436
2025-06-10,0,-0.00439911852912489,up|low,0.5315556400239122,0.5397669232437039,0.5426393294649273,0.5534534058011514,0.5077583761302666,0.5068113627697104,0.551687191903522,0.5818602720897539,0.495871710402686,0.4948695525447768
2025-06-11,1,0.005170148096676375,up|low,0.5226846893044856,0.5291923970111099,0.5229478465065298,0.5311080297170854,0.5489086057558772,0.5161375920267792,0.5263319931765471,0.5569075060428205,0.5219103424811188,0.5142259745623132
2025-06-12,1,0.00010051976359637393,up|low,0.4837712063302886,0.49156814818653116,0.498518793074076,0.5011894770835853,0.520181858814683,0.5128781014457647,0.509027960050772,0.4958058499878293,0.5513485106021058,0.5649144353656979
2025-06-13,0,-0.007541751183927303,down|low,0.5206737418156593,0.4973211779954793,0.4945723650513091,0.49647006949731554,0.5007209967547405,0.4941549234969158,0.4852585965300619,0.5178145503622021,0.47276760358506414,0.48457770879812273
2025-06-16,1,0.0034743896646605155,down|low,0.5521471657154812,0.5266153229205954,0.5204066425744162,0.5380013881677072,0.4927475868342393,0.4502294607726597,0.5168133745515976,0.4937729753778739,0.4883195406940364,0.46934225909472166
2025-06-17,0,-0.0003907069582724798,up|low,0.537255117370895,0.5460283058968298,0.5503137204593129,0.5470202659527365,0.585596891470771,0.5998518381200447,0.5363900275385882,0.5447556143131588,0.5582479077622936,0.5492163113369515
2025-06-18,1,0.00041447656834647795,up|low,0.48877838374817106,0.4994112293982697,0.5155910976328288,0.5192932321423821,0.43010951934782776,0.45112922287562257,0.48444769846681957,0.5087347631813943,0.5218275947485823,0.5237697359983711
2025-06-19,0,-0.007879169348287252,up|low,0.45801162321541095,0.4688184479174261,0.49866111435347743,0.4980063578794921,0.4473734283889462,0.46438306825757825,0.496082392915722,0.47761951552353593,0.46330977077309277,0.49088453021909706
2025-06-20,0,-0.0006582179989459425,down|low,0.5314484182150627,0.5095094531567338,0.5380147345059684,0.538375422788182,0.4810652438253717,0.42586466713215076,0.5122924126296367,0.5282893578472182,0.536902836822536,0.5328930930617377
2025-06-23,1,0.006454665994026554,down|low,0.5068109278286309,0.48725076010685653,0.5075295251156499,0.5019992235555487,0.48907684452459427,0.5014688996492284,0.4772311202011377,0.462039574590594,0.4552174008477579,0.4654337393907448
2025-06-24,1,0.011528332005552366,up|low,0.5237557460936885,0.5335296902417584,0.5456028610914027,0.5877335576735556,0.5572054446924075,0.5858692701258741,0.5212655402463848,0.5191420135109566,0.5441681111725927,0.5215816225378422
2025-06-25,1,0.010351503230751957,up|low,0.5220287616167852,0.5282213631392211,0.5154584883098147,0.5381232871943279,0.5406192702607787,0.5602658768981909,0.524631295482319,0.5307193549240226,0.5034458512612687,0.4975624524159345
2025-06-26,0,-0.002176231649890892,up|low,0.5111139209629851,0.515158854562344,0.4846437262110762,0.5147126633427643,0.4793961974995451,0.4535950644832086,0.5103710459701855,0.5115227089023585,0.48448163443009207,0.4790120960566794
2025-06-27,0,-0.007025179116548763,up|low,0.5536859199510447,0.5591529637580824,0.5253227439022207,0.5524865631793264,0.5984601083565235,0.6118166448021154,0.5406533751423401,0.5388366803481305,0.5287627332418897,0.5299523100108466
2025-06-30,1,0.005898849579773824,up|low,0.550555259472306,0.5572056997059378,0.555017820416168,0.5813708138133473,0.526293576713139,0.5251997271851789,0.5492895225066042,0.5737182301230728,0.57424331427815,0.5798583892511446
2025-07-01,1,0.003867407806119161,up|low,0.5474281451732494,0.5532006695178566,0.554306487358666,0.5788646359327908,0.5737081701791602,0.5447950836630977,0.5477620881033508,0.5450292789620849,0.579230214931653,0.6001956076197072
2025-07-02,0,-0.0008546027225242447,up|low,0.5101927060953821,0.5167217774218855,0.5023247489271889,0.5225614716863969,0.551502884964379,0.5426357505006859,0.5350725519967047,0.5517020645821005,0.5482628010567755,0.5615191680172001
2025-07-03,1,0.0018406317949097861,up|low,0.48401586346938313,0.4899274112785292,0.5360091624863109,0.5787190416018122,0.49316906885842465,0.48400445722975666,0.4718182130539224,0.4586729645567063,0.4754531620854583,0.46281489056089226
2025-07-04,1,0.0032266722832954287,up|low,0.5334729982506633,0.5404393326127253,0.56323536549949,0.5916083493253931,0.5675575611608976,0.5947448459245255,0.5277818715604741,0.5232697751513862,0.5706506156696008,0.5581237089993257
2025-07-07,1,0.00023269751425480933,up|low,0.5369827434546709,0.5421767394714214,0.5971162363230696,0.5980383795737827,0.6017908455176175,0.6217737595540853,0.5462071163937081,0.5093997563653311,0.5547867400761985,0.5828279157485217
2025-07-08,1,0.007010397258723877,up|low,0.5352566182578213,0.5424375399687821,0.5886525174536333,0.5896922105785269,0.5067090776294466,0.5466294974885272,0.5747660821153167,0.5537731698761997,0.4978096809449536,0.49583148210288747
2025-07-09,0,-0.0012651984646064873,up|low,0.5227198927372546,0.5275360572621501,0.590568105625561,0.5993910409524783,0.5221256430501854,0.5051312455744749,0.5067290130493263,0.5308218118394605,0.5188977516072232,0.5102073740277936
2025-07-10,1,0.004761454888993821,up|low,0.49415596459052497,0.4988011782856994,0.5412493230309673,0.5503662075871819,0.47717067686473674,0.48386353966679885,0.5090191836738678,0.5136749881210938,0.5582578615503994,0.5709001452195891
2025-07-11,1,0.00014103841886536905,up|low,0.5560312457992925,0.5590122016302926,0.5856077786571142,0.5796670210067252,0.5615605441020097,0.5543541320079,0.5836154340282151,0.5710552716928987,0.5341127166822827,0.528628294998893
2025-07-14,1,0.002698724309343925,up|low,0.5557564110939835,0.5572719555108023,0.5780254297394137,0.5760585860919093,0.5557672977779633,0.5580048967082468,0.5480212660498783,0.5496581470596587,0.5190186814236242,0.47730488469618587
2025-07-15,0,-0.004162629806941154,up|low,0.561399509197377,0.5646964173367338,0.5817367712457225,0.5641804059569523,0.5783038270442327,0.6055410332538129,0.5996334664866948,0.5779087812275856,0.5769664074244341,0.5668022542394212
2025-07-16,0,-0.00034864489262331766,up|low,0.5332842333180073,0.5368684704715473,0.5737554736524033,0.5643086763177495,0.5011097793551158,0.5271453262333755,0.5451367508631083,0.5253651858016501,0.5590426055504929,0.5596785837368203
2025-07-17,1,0.0037242666984800277,up|low,0.4844449081985831,0.4906375132617037,0.5611937168013,0.5554333677299944,0.5509314861171456,0.5721170981941239,0.49405589377883424,0.45465088592530833,0.4850386040085806,0.5114840532095811
2025-07-18,1,0.005020720388213773,up|low,0.533823645620982,0.5399716575051915,0.5742484608887413,0.5555833054375622,0.5047533062675883,0.5443279193850805,0.5650249842771727,0.5518844708038233,0.5664843849814722,0.5694740555333594
2025-07-21,1,0.007160311706124967,up|low,0.5379444175863625,0.5437184420066984,0.6118522423595842,0.6067734340278887,0.5450611469956438,0.5429025889905379,0.5286257286490887,0.49406131158725414,0.5110913259627022,0.5128298852352801
2025-07-22,1,0.006199802179397418,up|low,0.5575779450542622,0.560918200856227,0.6277934206058324,0.6156857519544103,0.5795159670995915,0.5976361961477312,0.5521945070230841,0.5168118107595282,0.5717078220656607,0.5481578286481223
2025-07-23,1,0.0001220036176725614,up|low,0.5490267562135617,0.5502265767891976,0.5767739507471293,0.6078921402852688,0.582138485700938,0.5957589344297108,0.527869315587661,0.5684747990261224,0.5660269544497352,0.605934954299048
2025-07-24,1,0.006540215247307746,up|low,0.5072379368294714,0.5094422350134858,0.5397431397775341,0.5645913624817053,0.5053172766383087,0.5124327838791392,0.5031747515208637,0.4927623506658726,0.5276302177212071,0.5319571184787782
2025-07-25,0,-0.0033480072118603488,up|low,0.5713179073232287,0.5730245178721152,0.6065775123032799,0.6442691794413533,0.5734818033531963,0.5973594240315239,0.5679703387401059,0.5642787942832881,0.5494237647346581,0.5417056191086239
2025-07-28,1,0.0011915445416990078,up|low,0.5651254811906522,0.5683810995916501,0.5715529598645129,0.6025870067806273,0.5317688732352673,0.574940473220296,0.51382561767739,0.5125280286865178,0.5791810090202015,0.5552979491069762
2025-07-29,1,0.0032724308402287683,up|low,0.5515722717839826,0.5560432449576271,0.569712810908302,0.5832818539991732,0.5502509887907112,0.5333614936316926,0.582797128265093,0.5928361837597348,0.571455932548091,0.6117457507122179
2025-07-30,1,0.001663845111146145,up|low,0.5189767215107524,0.523822182736059,0.5311990766244407,0.5487082721955765,0.5045169191027363,0.506409798300888,0.5296356639395754,0.5374746598242067,0.540349670938093,0.5447882460971117
2025-07-31,0,-0.011756727642124654,up|low,0.4884575197863162,0.492688323040191,0.5255462074402611,0.5435191176986074,0.5035360389719858,0.5010210578344797,0.47564974953494676,0.48941802756947994,0.5197418281887717,0.5408199607272174
2025-08-01,0,-0.0037098316134968057,up|low,0.5585392573528941,0.5671782848796341,0.6071491962986151,0.6198955680052408,0.5872096249019493,0.6031024290512959,0.592018112488397,0.5873816012695332,0.5991280837315855,0.6121472606870038
2025-08-04,1,0.0065610435196878925,up|low,0.5320504495451904,0.5432851250181095,0.5769258205131242,0.5913566300989715,0.5575953008078123,0.5880119024062803,0.5210440705383134,0.5435474747803059,0.5295843753810873,0.5502870386935672
2025-08-05,1,0.009569088236599077,up|low,0.5219333008591431,0.5336885382174644,0.5593398372781657,0.5812712931344906,0.4967943297623234,0.5254623528692198,0.5146880326100692,0.5622047903323973,0.5333167708333784,0.5119236088725276
2025-08-06,1,0.0045325655310513024,up|low,0.49598971173017514,0.5069283878285316,0.5536105937952326,0.5721768765333485,0.5650298957030021,0.5959554154283387,0.4971287724693262,0.520852497113612,0.5196089966056918,0.5484143532232607
2025-08-07,1,0.0015608166769629506,up|low,0.47270305634614973,0.48304523822835027,0.5177252157835179,0.5321263002574317,0.44695572102421793,0.4887146998709369,0.474008160424741,0.513307033120366,0.43937506412806565,0.437607289900444
2025-08-08,0,-0.001247092110349568,up|low,0.522858458754032,0.5328060896762181,0.5149421907868873,0.5494312034186966,0.5391580837438258,0.530505139420835,0.5129846054622963,0.5306565584222257,0.5255732365615204,0.5167109220637524
2025-08-11,1,0.003416385887924589,up|low,0.524614881071076,0.5347894505827924,0.5466996769706571,0.5698110305975754,0.5795986477558458,0.5681449427224918,0.5268835174606977,0.5172345815636996,0.5504110846391046,0.5515515236553232
2025-08-12,1,0.005036535512770612,up|low,0.5258884819308541,0.5354238892890143,0.5125110031554846,0.5332347342500569,0.5567102655044182,0.5557564442760886,0.5469396010657059,0.5648766265790949,0.5150888435973957,0.5340778838402198
2025-08-13,1,0.004786522775468427,up|low,0.5099021954174866,0.5186182575327088,0.48225590298194415,0.49181930044133,0.5232534872047265,0.5175547237532382,0.5192108410813937,0.5260798985728089,0.47990419826419567,0.43906209024839465
2025-08-14,0,-0.004621192274122277,up|low,0.48229159735213784,0.4901857465224886,0.47031577445660383,0.4846035735256506,0.49304493276192385,0.4993848069309963,0.4748109952317596,0.440891632413327,0.503445541895324,0.49369845901288034
2025-08-15,1,0.0082717773056884,up|low,0.5408342920830728,0.5487705823447571,0.5229008691749718,0.5205842974611888,0.5390008986296642,0.5446163412596674,0.5312852248743665,0.489831597388454,0.5721875365984684,0.572913288119249
2025-08-18,1,0.008454946221986726,up|low,0.5464896196962931,0.5531832475134923,0.5467370990909656,0.5544558450723021,0.5677645943880322,0.5623908884099981,0.5311846138938936,0.5650094150971813,0.5289996987044864,0.5233462807601892
2025-08-19,0,-0.00019822817806847137,up|low,0.5488595530598936,0.5550591937278192,0.5611086437444145,0.569824725701687,0.5399507068811544,0.5335308143079615,0.5548591598662056,0.5400153280975192,0.5248704095009467,0.5200164648188685
2025-08-20,1,0.010442445016322965,up|low,0.5236016929475142,0.5300084388965142,0.5459430065234817,0.5516734581319839,0.5351673464580415,0.511964111175806,0.544394647991842,0.526606609757998,0.49931752362463183,0.5012056693484923
2025-08-21,1,0.0012981219847008063,up|low,0.5091043391468945,0.5139127610848684,0.5236579796291531,0.5408808479205442,0.5581588900544124,0.5452849447974489,0.5252486131354785,0.5490873563433574,0.5260015310026637,0.5020564796455393
2025-08-22,1,0.014494448435323548,up|low,0.5403724966280729,0.5468861797731076,0.56118003140523,0.5684026061711135,0.5600517668167163,0.5541795122147004,0.5335121687541746,0.5175916026047079,0.5641793805936469,0.604091738922314
2025-08-25,1,0.015108897345598615,up|mid,0.5659342110535699,0.5732156435544873,0.5679104499182764,0.5710000119150348,0.5650766376551857,0.5602775391890471,0.5508726039230896,0.5700504308732716,0.58392713239517,0.5773421892064083
2025-08-26,0,-0.003908782710305592,up|mid,0.5699395310612925,0.5760121495503466,0.5655517974726435,0.5672675657537519,0.6042258921645286,0.6013422466528867,0.5954986190224834,0.599280852326715,0.5917938081570969,0.6036594784428468
2025-08-27,0,-0.017586680943092015,up|mid,0.5461410901608317,0.5532045221522891,0.5363275978681382,0.5346045021362538,0.5355655738180883,0.5469936188074984,0.5313566659998197,0.546065968193718,0.5704473498101396,0.5895129208981014
2025-08-28,1,0.011379741339613503,up|mid,0.5192154954601226,0.5283051012325161,0.5011371902957141,0.5099542993554874,0.5361683570890796,0.5153614543574682,0.5645801778983256,0.5721292110537401,0.5552036940843085,0.5608418781715853
2025-08-29,1,0.003728278484971259,up|mid,0.5538406188857701,0.5603148907966807,0.5484168156753584,0.5578856964293785,0.5471283110899796,0.577875056340876,0.5658548318141992,0.5781658817020222,0.5929766708098105,0.567563285498037
2025-09-01,1,0.004562813137729105,up|mid,0.541899434172896,0.5488529222719594,0.5972359186956184,0.6194374853112573,0.5643751802795746,0.5578685612137547,0.5712458306958992,0.6016866627813602,0.534827395351503,0.47338564355146945
2025-09-02,0,-0.004488934416712165,up|mid,0.5476060303824047,0.5540803699355052,0.5789536809104755,0.594180659007048,0.5608950410071386,0.5710743027770266,0.5688602911095301,0.5540111185023952,0.5534284066347936,0.5739793417366214
2025-09-03,0,-0.011553774843946596,up|mid,0.5262839953559566,0.5330681933364088,0.5449771348260493,0.5587679001777663,0.5389371974561884,0.5514809744811343,0.5514549624285656,0.5551062038072773,0.5455061975206178,0.5518887320604362
2025-09-04,0,-0.012503025390730893,up|mid,0.49425542159873104,0.5046204071639616,0.522884183876666,0.5413661944106878,0.4968332663658506,0.49316745838873594,0.5107449841519365,0.5329323040205256,0.4600535064833209,0.4404130210983123
2025-09-05,1,0.01238436953314448,up|mid,0.5388302217032198,0.5507830740900216,0.5967928299453858,0.6187413971663788,0.5811953005997194,0.5797684247462693,0.5687790588702742,0.6176371825473045,0.542313470503547,0.5462395062267498
2025-09-08,1,0.003757887839887175,up|mid,0.5334574459187408,0.5439961816668137,0.5177203786864722,0.5334567894484551,0.4816278311979741,0.5158094639331913,0.5518213892263296,0.5500003093200921,0.5581032843490306,0.6090562922730082
2025-09-09,0,-0.005108390967902721,up|mid,0.5250225921726315,0.5366888414889431,0.5150747278912907,0.5452561160007212,0.5641421764594432,0.5810818305529338,0.5208340108073883,0.5051923368220873,0.5148800939130146,0.470679661005554
2025-09-10,1,0.00129462095368571,up|mid,0.5032036727161266,0.5166367825908018,0.48656209166561304,0.49742163011685636,0.5345922272701578,0.5372542493351637,0.49983700151022026,0.5228993352970641,0.4758994598923312,0.48525197829894556
2025-09-11,1,0.016548883183844953,up|mid,0.4437538414921585,0.4597690003650379,0.43188865022934947,0.4487822027925461,0.5007760496222808,0.4899208789199861,0.48020617015807043,0.432200318446,0.4708278330332345,0.4913963633198216
2025-09-12,0,-0.0012156449975989636,up|mid,0.5250575785730505,0.5357453764949257,0.48763155068857483,0.509938020136575,0.5420655535580362,0.55648461076777,0.4987258168560122,0.5516365795812507,0.5569954437247489,0.5553455298268594
2025-09-15,0,-0.0026078657613113343,up|mid,0.5213770567217836,0.5323905589220671,0.5172667071250866,0.5453551161152301,0.5551975583828278,0.5669185007926753,0.5540018742460685,0.5953999444214342,0.5066922923709613,0.5237488148625693
2025-09-16,1,0.00035254464183953615,up|mid,0.5270903406582517,0.5391055178051879,0.5037101915654977,0.5428861182179503,0.5185214494542271,0.5437370992785007,0.5355701778667579,0.5359454220419526,0.5066090077923604,0.5512394078242155
2025-09-17,1,0.0037484479649081415,up|mid,0.4887006488823699,0.5002367506054146,0.4848737920194321,0.5224329748326626,0.5237800157431077,0.519846609980166,0.4910793983587984,0.4788530187810859,0.46783282845137714,0.43790383979336694
2025-09-18,0,-0.011527623601741976,up|mid,0.4607365685173498,0.47289098270985447,0.45311666864883265,0.4878684726471388,0.41025555108473033,0.44436607871642153,0.4614739386286954,0.47235646944689946,0.48367062562453933,0.47672019927138515
2025-09-19,0,-0.0030187991823901195,up|mid,0.5429921745686203,0.5527188781111566,0.5519347317795629,0.5940303042671702,0.5802231573512958,0.5966280438066559,0.5655987298226336,0.5728141446614489,0.568349418742109,0.5795301526057545
2025-09-22,1,0.0022216759871300784,down|mid,0.525963968527276,0.5183195807440798,0.5118583469815602,0.5008811412601569,0.5243445070093385,0.5579977527274819,0.49339353953171106,0.4806350086003893,0.48583872577801895,0.4913468166891582
2025-09-23,0,-0.001761229240323292,down|mid,0.5001254061590901,0.49570487467162805,0.4839632505801127,0.4711133799632775,0.4693076483709664,0.45336466937944003,0.49453568406592835,0.5127606446834804,0.5058733623427104,0.547604614090187
2025-09-24,1,0.008322969632634347,down|mid,0.4793581729849488,0.47227689816200596,0.46198960060641603,0.45176827342715714,0.475461235284689,0.4919604912055464,0.4587742609257644,0.42117344372270843,0.48757706417535474,0.5162397659783213
2025-09-25,0,-8.822822670073727e-05,up|mid,0.4767800039223564,0.4896216982230325,0.474612212988531,0.4986363060318996,0.5101150378024137,0.5148609975974889,0.49027271979819576,0.5290693955149386,0.5056407576465097,0.5255474323322054
2025-09-26,0,-0.006538807495493404,up|mid,0.506876383633386,0.5218796122638494,0.49436919887346675,0.5185814063221938,0.514240512647524,0.5260384506804732,0.47049759354619,0.45010041288970204,0.5478773008122054,0.5522143942011996
2025-09-29,1,0.00899295892015517,down|mid,0.5175849872634707,0.5127262893574441,0.48203663513644107,0.4680786721436598,0.49818755249668606,0.4868978836034406,0.4992380389595717,0.49383610151022433,0.5414380039594422,0.5425996890581394
2025-09-30,1,0.005241380524484862,down|mid,0.5178483550484326,0.509595165257868,0.4832735482355246,0.4700668122258106,0.5258227648803852,0.5421020719158447,0.5380664923240914,0.5480676299724517,0.49480574787610593,0.5277541828612629
2025-10-09,1,0.0131851507310361,up|mid,0.4472901580932437,0.4626353540576056,0.4776654712219212,0.4866284610665234,0.4708601097848508,0.48284877911560437,0.4742735778005799,0.4816726437097627,0.42321506439561424,0.4330330801824761
2025-10-10,0,-0.009391017526306888,up|mid,0.5313785262474647,0.5416376191882055,0.5667722606222577,0.567036404354443,0.5498061835324272,0.5432935950390718,0.54137377479191,0.5340355743285552,0.5532804756633579,0.5725751047529303
2025-10-13,0,-0.0019312152748196532,up|mid,0.5537824442318144,0.5642065120516842,0.560394054760821,0.5656350455624997,0.5781240643833637,0.5920623188319605,0.5680796441585642,0.5546518355814042,0.5892035210488564,0.5717814997822767
2025-10-14,0,-0.006240644689217367,up|mid,0.5540988651990599,0.5625152752319167,0.5375914606193684,0.541897639531702,0.5657812624400488,0.5605993659349994,0.5680735330047592,0.5670834501652328,0.5371291817064524,0.5551482199636003
2025-10-15,1,0.012154777892849467,up|mid,0.5001120906436152,0.512253508928851,0.5016559192727683,0.5026853599582127,0.5219254942649718,0.5164691232671386,0.49387935013533085,0.5172921281137274,0.48057736133371504,0.526109380581411
2025-10-16,1,0.0010270409819512771,up|mid,0.4754458233493941,0.48725159500118037,0.48390929848561637,0.49554981669228665,0.47001422358045397,0.47182561455348965,0.505621529435282,0.4653475768658855,0.4549689535961716,0.425745184669435
2025-10-17,0,-0.019527208323927958,up|mid,0.5091655807038918,0.5225426881077345,0.5330599702622054,0.5468187887688347,0.5224620785305861,0.5280541318029498,0.49394899495682637,0.5423435554931418,0.5328414041970585,0.5253838474953821
2025-10-20,1,0.006286338581497963,down|mid,0.5349505457700076,0.5300146882114193,0.5606628806182039,0.5673447679951035,0.5382941436632506,0.5249505927282869,0.549610478867568,0.547773602674794,0.5542157839783513,0.5433040405552476
2025-10-21,1,0.013571545588865863,down|mid,0.48619124458914814,0.48320462269441206,0.5183820435102602,0.5309361668181918,0.4870762959451314,0.5089054801960423,0.4766710877254033,0.4791003061857957,0.49299041665492416,0.5355177142855571
2025-10-22,0,-0.0006572476490757095,up|mid,0.4779340710672053,0.4927775896794544,0.522310315855848,0.5468459669485617,0.5146006985481134,0.5019601107171036,0.4926118454082808,0.4831751955027891,0.5068577066397473,0.519506583311035
2025-10-23,1,0.0022106629996030414,up|mid,0.44947999875155836,0.46452531597167557,0.4914932172996064,0.5143112757668244,0.46816049667620924,0.4605437474600999,0.45251589055916497,0.464416727090249,0.48027099828293,0.5006621971615651
2025-10-24,1,0.007113483802050347,up|mid,0.505238288706266,0.5187707903297921,0.521028445551863,0.5273356812013429,0.5232735451895306,0.5194241837101968,0.5119175947120054,0.5514706570573881,0.5441816886090826,0.5486274186713329
2025-10-27,1,0.011804890347901775,up|mid,0.5082828456017544,0.5220286563360671,0.4996799480876603,0.5107402283952661,0.5233508540713407,0.5381797232411882,0.5044079097312759,0.538971690867798,0.5506709224848118,0.5881335292952121
2025-10-28,0,-0.0021819164386800427,up|mid,0.5246774840674984,0.5359206417586072,0.5284257172093633,0.5397216738853998,0.5021449891277228,0.535750712106264,0.5399467492179728,0.5417389814145355,0.5209632793925407,0.4607035232399806
2025-10-29,1,0.0070474978336221294,up|mid,0.4968343215644275,0.5085191701051617,0.5118662530083884,0.5158842031710078,0.5167601197331885,0.5274931493628365,0.5138728109236279,0.5033203909550947,0.5069711186611716,0.5283710057804805
2025-10-30,0,-0.007327583309244212,up|mid,0.4690930978865645,0.4796786908723149,0.4667511262243031,0.4709181510893792,0.4958827807686216,0.5053891836177703,0.4954355534418268,0.4760057219417737,0.4919138792864255,0.4992856439245879
2025-10-31,0,-0.008054125246651389,up|mid,0.5308727890331376,0.5418687789817455,0.5857388611493982,0.610848051029343,0.5460960526133515,0.5441017229275658,0.5329411738378504,0.5754017961860981,0.4973177336737797,0.47719090081924426
2025-11-03,1,0.005494855605481019,up|mid,0.5446833180494128,0.55490741128088,0.5470880095289752,0.5642670316611464,0.5543006797379685,0.549474712503692,0.5652357602862776,0.555032010966395,0.5283043292404861,0.5237626075346087
2025-11-04,0,-0.004107862123700623,up|mid,0.539662124296262,0.5486062278854474,0.5876510932834705,0.6104150655158067,0.551820983268396,0.5448829577983011,0.5440286814442714,0.5240106583167438,0.5633262992369157,0.6141217378995836
2025-11-05,1,0.0022882763587366295,up|mid,0.510591698825427,0.5211020712476389,0.5515130755364257,0.5772994720619726,0.5006325312833757,0.5094526064419838,0.5384601558087746,0.5382826176864652,0.4993517703969107,0.4547547026438049
2025-11-06,1,0.009702593539128834,up|mid,0.48604078098320663,0.4954574014284005,0.543581743991524,0.565130585129396,0.49056282893719677,0.5043215006549255,0.5053570211657803,0.5141032167058585,0.4558763352009241,0.465072097179461
2025-11-07,0,-0.0025460606423538534,up|mid,0.5376067484025946,0.5476978027574462,0.5733457017611959,0.5902705974909865,0.5088352860885244,0.541768717732978,0.5418332389624574,0.5110194862000974,0.5591770658845121,0.5777534324232704
2025-11-10,1,0.005263465977712434,up|mid,0.5368036937013838,0.5475020621959514,0.5183614476346856,0.4949108895814703,0.5439563068321032,0.5414015716357145,0.5227681656688472,0.5327483425695052,0.5726663332659915,0.5543224041606227
2025-11-11,0,-0.003941425328292558,up|mid,0.5456354827863443,0.5539112195825173,0.5060147355336423,0.487595327804841,0.5944604741129621,0.5897086853336484,0.5511217760888083,0.5663971457621146,0.528388143799044,0.5452080556277676
2025-11-12,0,-0.0006540490331915505,up|mid,0.5121908996101979,0.5222314134721515,0.4568926948632932,0.43263301036699714,0.5348913331531617,0.5365674631787767,0.53886351408309,0.5378551215478157,0.48963214090798673,0.5335991333378843
2025-11-13,1,0.007339993100241582,up|mid,0.47271956327146003,0.48302152204253646,0.4372069390366964,0.4153451829633589,0.4748446754397672,0.4853365557258752,0.4878589753948821,0.48762859066610387,0.4509289773867784,0.4210542565713758
2025-11-14,0,-0.00968085130143903,up|mid,0.5421824090290097,0.5507110716718828,0.5359049388392003,0.5235783968292477,0.5500758643686657,0.5564152984509898,0.5411618033494999,0.5650375732051682,0.5612518031764906,0.552945652666917
2025-11-17,0,-0.0046252442054764975,up|mid,0.5633999163272078,0.572106841124856,0.5531875230972612,0.5476694527104053,0.5530017630428747,0.5718651791037739,0.551984912287966,0.535628951297444,0.5967215200169593,0.6014889388648671
2025-11-18,0,-0.008112214519761185,up|mid,0.5391392697008177,0.5505486310620761,0.5331769406333949,0.5312977324321037,0.555777674800468,0.5423029934401705,0.5454825080401217,0.5622348933212316,0.5809775109019916,0.5566267407085679
2025-11-19,1,0.0017587129135316903,up|low,0.511686650727871,0.5223465693886564,0.5226175677743633,0.5247013742949456,0.5444337705037554,0.5430467895476903,0.5404817384774018,0.5449173735679175,0.5066618408227361,0.4945649812108436
2025-11-20,0,-0.0039756842479189425,up|mid,0.44541911434410075,0.46207670302173603,0.45412111576596814,0.46306437262548894,0.4588560530347936,0.4580566060364263,0.4542327869008515,0.44763015033658043,0.47662782098971757,0.48918563236457613
2025-11-21,0,-0.024461651604112955,up|mid,0.5047939315442131,0.5217685482410283,0.5162079853733895,0.5143388559676482,0.5662241820767623,0.5709515884410193,0.5210925731568035,0.5126329670537962,0.5375803832917404,0.5570134568729908
2025-11-24,1,0.0004889317584255704,down|mid,0.5737525286458297,0.5686320635735219,0.5658388917914194,0.6080366460030631,0.5703518661398395,0.6037903036540888,0.5795677068384818,0.6024642896371847,0.5519194807922937,0.5352062641914951
2025-11-25,1,0.008667977145335515,down|mid,0.4894714567404398,0.48983488233653594,0.47664490237732526,0.510167339569774,0.47917061710236547,0.5120807792231994,0.5289371505451342,0.5205445767464966,0.5191354536383328,0.5214298767228918
2025-11-26,0,-0.0015087765628266636,down|mid,0.46419861909029225,0.464615495709424,0.44041742453589855,0.4674951247720329,0.49037265744242964,0.4898925769070419,0.4462215067327483,0.4495193855591421,0.4491118282276015,0.4826356724244964
2025-11-27,1,0.002866064348902686,down|mid,0.4375969743150241,0.4386728519901441,0.408623195404544,0.43578864216647734,0.41932071978919194,0.42403971705110693,0.4413403279454273,0.47238481089619216,0.4371817518785755,0.46078250869690685
2025-11-28,1,0.003441576421085557,down|mid,0.49999468779318174,0.4991339408685699,0.4785537107263286,0.5075909468004695,0.5127593165475552,0.5352136626932381,0.5164518740568864,0.5431356277879844,0.5109175617921256,0.5228830989695095
2025-12-01,1,0.006534492140608084,down|mid,0.4878528840475333,0.4874901497419054,0.46663616750677517,0.4925067647927747,0.5326062586675677,0.5561425440887195,0.47259946714695333,0.4293196518335145,0.5447182995949277,0.5224913454826706
2025-12-02,0,-0.004162998217171809,down|mid,0.5003272247219864,0.49789633104850695,0.47480664082809737,0.5035448144380976,0.5106666275850156,0.528267186138459,0.5317095678040092,0.529718740961316,0.47096788786769817,0.4989986255784442
2025-12-03,0,-0.00505732593890984,down|mid,0.48129178187805954,0.47970995035651076,0.4494129894703421,0.4627546335121172,0.47219992460983207,0.4869505922697836,0.493268170623602,0.478239826477628,0.4937024321993919,0.4616261533314312
2025-12-04,0,-0.0005691077875192851,down|mid,0.4433103640833677,0.44228021138431983,0.4524516526930921,0.47233950752816667,0.44358863905728935,0.46262356159060253,0.4398099775756915,0.4258122038677869,0.4208549780546042,0.43868067121777576
2025-12-05,1,0.006970186488287622,down|mid,0.482272371963468,0.48218712264186997,0.48111054468134185,0.5013803032179841,0.4702304612310398,0.47672870638826875,0.4989203476440027,0.5107799461629607,0.4428419868993131,0.4409162962705803
2025-12-08,1,0.005449922209854963,down|mid,0.49163897761115904,0.48958649239065405,0.4554659016130953,0.48900506921940584,0.4759737713764359,0.47012178151563394,0.4778170119268717,0.46810598543401466,0.48234523970834253,0.4813700024299239
2025-12-09,0,-0.003709406387946479,down|mid,0.5063665753798912,0.5025940506692095,0.4802165013139334,0.5092843936147247,0.4981623660416813,0.49748776178572135,0.5009658787215223,0.4842876364749788,0.5285597714061865,0.48394534463503297
2025-12-10,0,-0.0023087221404559655,down|mid,0.49116235654410634,0.48732943489043556,0.4502200517283884,0.4801908921761867,0.4687173930363805,0.45757751832953325,0.48663834676998763,0.5045155806449423,0.46148362164029316,0.46430797124424567
2025-12-11,0,-0.0069678317834449555,down|mid,0.45034370755974457,0.4473518873501827,0.38011227207353754,0.40481933760188493,0.4683356270088444,0.4702183031449918,0.41870484335357394,0.44837793351509325,0.41586941793306875,0.3727621639387206
2025-12-12,1,0.00413805424703062,down|mid,0.504555965449901,0.501531996068364,0.4498431047278237,0.47896202310258307,0.5458602844014927,0.5687288593244708,0.47070128604267075,0.4932234505849959,0.4693634577996021,0.47485924109003924
2025-12-15,0,-0.005508638213211237,down|mid,0.514734882641608,0.5078175114195848,0.4545506092542164,0.47476114640927386,0.5074167517222161,0.5237253493843945,0.4396919848022233,0.4147892307799525,0.5241666160853331,0.5328939991967168
2025-12-16,0,-0.011145263825191876,down|mid,0.5286777197641495,0.5227664730199325,0.48402493095475985,0.5078265384440237,0.5246302014732898,0.5350729454052848,0.5516645930943427,0.5450757134722196,0.5481264219290098,0.5367751312860275
2025-12-17,1,0.01188712020355509,down|mid,0.5022164787610648,0.49767360530491944,0.4536561879465705,0.478093004117911,0.4823419826215665,0.5161235991183081,0.5055834029534949,0.49302941202289985,0.5283276914527018,0.46915222565373044
2025-12-18,1,0.0015743055150043705,down|mid,0.4638095909617768,0.4568032941568035,0.44044376146230807,0.45006794710539083,0.4449647135534915,0.43906562690209966,0.448930427996715,0.44154608133964635,0.44157626881507767,0.42389805680506015
2025-12-19,1,0.0036314893491875555,down|mid,0.49817885194328315,0.4931314956604849,0.47164209302030297,0.4876311860528448,0.4906410689066119,0.515819625595768,0.5200412303017423,0.5412154006730068,0.5231589636149979,0.5231039044903519
2025-12-22,1,0.006918483424017019,up|low,0.5206382944615502,0.5302408335265917,0.527711405836081,0.5170017892720306,0.564004912384352,0.5479430401926683,0.5315005927358795,0.5537663658272868,0.5612247978927328,0.5751016860706978
2025-12-23,1,0.0006675407238132536,up|low,0.5343311959105702,0.5427058888819287,0.5230532285694481,0.5187831388456023,0.4780559058774347,0.47073956829894403,0.5315892679206594,0.49649274811279376,0.5274853160855446,0.5151682886526823
2025-12-24,1,0.005349008247238052,up|low,0.4985133191127273,0.5070558718885876,0.48328591226447065,0.4760049542129656,0.5142564766902922,0.5008056226653042,0.5197390383883426,0.497795404012193,0.5373930045374903,0.5257095976807974
2025-12-25,1,0.004738454995715458,up|low,0.46636413529409065,0.47574523749812236,0.4649520357028221,0.4648473676283512,0.472049543349004,0.4797928079483646,0.5117530462598647,0.5245651947868912,0.4614881159435895,0.48111302818544577
2025-12-26,1,0.0010248455597139383,up|low,0.508754681679761,0.5192008020029062,0.4764107465650002,0.4606521918974593,0.5218053452675487,0.5104561216901836,0.5053576750887356,0.5112528172940796,0.5184829115849284,0.495040552314998
2025-12-29,1,0.00040391767345449026,up|low,0.5261479485914066,0.5329810328054418,0.51372175229689,0.49069431480971276,0.5385118096453514,0.4993017931673684,0.5681166859460699,0.5934752299186767,0.5246974722267433,0.516505003076189
2025-12-30,0,-4.1358996086038324e-05,up|low,0.5343822527408891,0.540950045821649,0.5641076499310769,0.5604364568194198,0.5626663335688842,0.5603627679925617,0.5342159309458397,0.534642124696453,0.5991156006861276,0.6120064486593069
2025-12-31,1,0.000939190681937152,up|low,0.4999629541795131,0.5075759333030614,0.5077514628963443,0.4895724131605822,0.5195269273476262,0.5090625074078325,0.5453429156716635,0.526781022984868,0.4815346952978366,0.4773246859872152
2026-01-05,1,0.013751373197206096,up|low,0.5356356876623296,0.5448577840223355,0.5676906286987234,0.560880091198477,0.5534412959816976,0.542400813092767,0.5229363598386153,0.4865289928728279,0.566094464044571,0.5679727050099019
2026-01-06,1,0.014974833580511326,up|mid,0.5753609589797832,0.5828024887356787,0.5719993290613803,0.5613743043204168,0.5468790160787393,0.5561464460313703,0.5527298631082863,0.5650273935098487,0.5765452964125023,0.5735079563391434
2026-01-07,1,0.0005154680829755343,up|mid,0.5755722419382336,0.579832965956956,0.5725108770817064,0.5770552899248179,0.5966748703979858,0.6020267414307051,0.5892033441500114,0.5947700113701538,0.6054384322632522,0.5875600931157934
2026-01-08,0,-0.0006835917422705062,up|mid,0.5277164844845379,0.5337018140065897,0.518148529662672,0.5031242668605638,0.5069273980698102,0.5000134324917291,0.5329140519174784,0.512453576820396,0.5094508789459642,0.5264684578632705
2026-01-09,1,0.009171489738252436,up|mid,0.5723810109088889,0.5788943171194549,0.5456335504248703,0.5388805062298229,0.5767063477067687,0.5767256193305269,0.5561272404593162,0.5347613804807545,0.5482039476057226,0.5911256665536039
2026-01-12,1,0.010887466490115294,up|mid,0.5777628341529026,0.583285087871801,0.5522553631549234,0.5447336565336611,0.5314945531131677,0.5532369261736908,0.5625287821429847,0.5917585479280559,0.5979782496917149,0.6096781759395187
2026-01-13,0,-0.006368828846607721,up|mid,0.5886551353044907,0.5923445308803504,0.6070000596486405,0.6192136032873232,0.5810884351018571,0.5919543657391346,0.5625553064561964,0.5992966416517724,0.6085437302237381,0.6274702447669196
2026-01-14,0,-0.0030603376519386938,up|mid,0.5678673941283403,0.5722191350068555,0.5529138200228867,0.5658037638296709,0.5284496294227169,0.5322377811959976,0.5709985634397698,0.5837457415297012,0.5977726605398299,0.6023819838988563
2026-01-15,0,-0.0032699214486925365,up|mid,0.526836724461309,0.5306556452697291,0.532065197983162,0.5434515333444342,0.5045789141069464,0.5107749059546671,0.5241138114567788,0.5165704699689674,0.5630360694042749,0.5380516132436075
2026-01-16,0,-0.0025988419494135107,up|mid,0.5807747575607934,0.5872144919509465,0.5849757313147961,0.5937593743389481,0.5515978957863544,0.5604936848928422,0.585008326442286,0.5848383179224577,0.5730392526800253,0.613708613943421
2026-01-19,1,0.0029466739055656888,up|low,0.5500859929271162,0.5558995731901392,0.5607376357405186,0.5612151533333671,0.5554938731216676,0.5249883143016294,0.5699728360093501,0.5493880185613582,0.5818786486775728,0.6034468304692312
2026-01-20,0,-8.531842489056807e-05,up|low,0.5713308666195616,0.5759289019175238,0.5825461983840421,0.5746970100301226,0.5582310317357968,0.5340191531875118,0.5850699038520228,0.622904405915081,0.606630438376237,0.6202582846582423
2026-01-21,1,0.00080001964192844,up|low,0.5359171985108194,0.5406557919619022,0.5543849889422519,0.5913313068825424,0.5218267566138642,0.500005245778258,0.563215648338507,0.6020499821406502,0.5258472478119418,0.513474121642425
2026-01-22,1,0.0013689779302104021,up|low,0.5097119937314768,0.5157081888337381,0.5319371172787205,0.5499921617296457,0.46164707599980437,0.44127137262641924,0.505299532494055,0.5402446345794387,0.5462083553700221,0.5350004210144221
2026-01-23,1,0.003295997454018984,up|low,0.5509646041366983,0.5575988099345287,0.5709744083002883,0.5841592291307202,0.5443352006036662,0.5679220774384545,0.5736061574638858,0.6028742401325877,0.5441789370177186,0.563299487713149
2026-01-26,0,-0.0008604591113892113,up|low,0.5594271720715868,0.5653517046645686,0.5496739445996536,0.5657899815895815,0.5287832763836738,0.5457432185494225,0.5920626899347774,0.5803184045227682,0.520974021412797,0.5193728940590391
2026-01-27,1,0.0017661983180103924,up|low,0.5670281384533321,0.5718596102880595,0.5668186358751032,0.588277486758695,0.5680137148294783,0.5705903385012763,0.5715302674581603,0.5812376500717558,0.5640783672802899,0.5564797769373733
2026-01-28,1,0.0027377446433540786,up|low,0.5481351728071782,0.5525024171145724,0.567026968934118,0.5767041664222724,0.527037745112838,0.5008376646979605,0.5943805930947172,0.5999917481184621,0.6099557191265998,0.6223556817451955
2026-01-29,1,0.0016252982845115227,up|low,0.5030223338996894,0.5089202028698864,0.516316760512172,0.5267057226274913,0.5075506056648105,0.4770321311648529,0.5136531615983077,0.525330403970125,0.4835258626858006,0.4797168583929321
2026-01-30,0,-0.009628942865354095,up|low,0.5608819451469991,0.565703512026478,0.5535945135036454,0.5676523632309756,0.5501117186212388,0.5215150445402913,0.5808394956705639,0.6045135083193399,0.5816773388392737,0.5814308563579368
2026-02-02,0,-0.02481867182392794,up|mid,0.5985863400292036,0.6051951227662365,0.6133044434999847,0.6221107730893479,0.6152412663970342,0.6151115511392781,0.6144660695450652,0.6259216144787946,0.6157678380367707,0.6347366717334584
2026-02-03,1,0.012947034000656332,down|high,0.6016235914410814,0.5837526052922396,0.5810133430240646,0.5522054115230965,0.540777383625591,0.5287384701716291,0.564328620283724,0.5484690324371826,0.6035125078973436,0.5976179610746631
2026-02-04,1,0.008472522074922217,down|mid,0.506678162480704,0.5009431166546154,0.5050826978434488,0.49257012019908747,0.5395156071152115,0.5095409320526532,0.4920973650145736,0.48563169185605726,0.4937328994801033,0.49166236207076996
2026-02-05,0,-0.0064075342949957426,up|high,0.4799945645132924,0.5184792525760281,0.5430982015605614,0.5665356023195617,0.5209449606106598,0.5318467700907777,0.5505641551217342,0.5703232723815228,0.5439423671739163,0.5620535173385263
2026-02-06,0,-0.0025353803818870535,down|high,0.5471913230373856,0.5311598087444306,0.5480715528139114,0.5537772408683769,0.5500970059479903,0.5343948821337826,0.534149562790705,0.5365703757026116,0.5050409239823437,0.494702334625387
2026-02-09,1,0.0141448348244273,down|high,0.5379719793864887,0.5220077485666087,0.5045695565197261,0.5092767315399145,0.5036494143865441,0.5009330110713947,0.5270314934175074,0.537689908751516,0.5310029104178909,0.5373818117722946
2026-02-10,1,0.0012813205629755853,down|high,0.5260704104021273,0.5110309144611624,0.5098343102443725,0.52248426661355,0.5249323149524544,0.5317210396932938,0.5022525738107337,0.5174881998199327,0.5252142037456243,0.5011971207627076
2026-02-11,1,0.0008749209434322225,down|high,0.5024937800465437,0.4859916887500693,0.46331810965123876,0.4722725796904096,0.46944542466253447,0.4763056819085869,0.4718614298808186,0.509774631810449,0.5016714163388059,0.4940642080638039
2026-02-12,1,0.0004920153388747739,up|high,0.47660781828575316,0.5149792390023128,0.5200113617109224,0.5485735718599498,0.5385485861345155,0.5259618766894819,0.5096800154767166,0.5505800766995897,0.5398384395547726,0.5188952384902833
2026-02-13,0,-0.012565257335599433,up|high,0.5251885696040157,0.5628929430405005,0.5604687365807093,0.5822685379410174,0.6225770504907254,0.6115419360365486,0.5907027568850003,0.5906955948416935,0.5930117765728095,0.6148044501625692
2026-02-24,1,0.008656386105784897,down|high,0.5539848292496433,0.53779609249402,0.5077906168941458,0.5061384845406862,0.5754325785087374,0.5720448875184274,0.5514594496017097,0.5496499369718919,0.5470030698284427,0.5535693692693291
2026-02-25,1,0.007242904457633426,up|high,0.4921434518027887,0.5311747492638779,0.5152652414116754,0.5533348526100769,0.5356294776530489,0.5298218451969964,0.533991079094098,0.5261048406331644,0.5450853506952225,0.49688722810995634
2026-02-26,0,-0.00014467484449254275,up|high,0.48888115155093487,0.5236610840323723,0.5161174446091625,0.5581524874773819,0.5419078524697034,0.534973569228723,0.5032963308535499,0.5216748238288497,0.5398294386889426,0.5724660045439578
2026-02-27,1,0.003919085156118163,up|high,0.5502640981384591,0.5841027278308919,0.5762415390575776,0.5959226786054874,0.6103792128219547,0.6200294021353506,0.5926041805302432,0.5879297729435521,0.6092844021715575,0.5877874132117453
2026-03-02,1,0.0047344604050754135,up|high,0.5383033506859473,0.5692187808000727,0.5862519029583786,0.6298707853196973,0.5742092323630528,0.6035332485871734,0.5683066586675721,0.5881259533099576,0.5981180873283825,0.6081831373687898
2026-03-03,0,-0.014324852704938107,up|high,0.5431779619798444,0.5724323396553302,0.5748735233921881,0.6126378194642602,0.5544064724305896,0.5475921064800247,0.5393405838249821,0.5715107873380101,0.5589913519401596,0.5374934203624313
2026-03-04,0,-0.009751433292356726,down|high,0.5466712105770456,0.5212623366446845,0.5543241122512435,0.549499532673973,0.5445337966497364,0.5501364668445184,0.5414794837628877,0.5545572465874337,0.5215707449662639,0.5133626405115592
2026-03-05,1,0.006391467526798644,down|high,0.5130357396149355,0.48963919630207947,0.5130796910205471,0.49832426702001764,0.5507302282945993,0.5291031787612608,0.46444475668648105,0.4194850640049077,0.5033319393730257,0.46170613483292633
2026-03-06,1,0.0038035159217313375,down|high,0.5233140491289779,0.5018473512417021,0.523570454582096,0.5089573855529891,0.5510287143469115,0.5491010025049025,0.47523904669314043,0.4582233129388108,0.45892555250725836,0.4744118242107416
2026-03-09,0,-0.006690276936536121,down|high,0.5353464432581794,0.5127167033987429,0.508350595126582,0.4957037621441011,0.4976923371812568,0.4800986097892884,0.531359305713769,0.5494484394634389,0.48697018826733324,0.4367811866301746
2026-03-10,1,0.00647756360027163,down|high,0.5520698189955693,0.5289508282619617,0.5053329542748941,0.4770855744793965,0.5369545009462037,0.5018263848795345,0.5481038536191176,0.5264650808587223,0.544591644223131,0.5066541919975105
2026-03-11,1,0.0024968846543580447,up|high,0.5304577041149278,0.5614168894979756,0.5390716265230284,0.5530847399483091,0.5637288163243346,0.6155666584390901,0.5402949570517322,0.5288361663877906,0.5405318549792247,0.541726086865573
2026-03-12,0,-0.001047555385559673,up|mid,0.4841442990143972,0.49332857467992347,0.45437836294090406,0.43279799900116733,0.5241784685850489,0.5455571612804009,0.5029713644523246,0.5229279295029501,0.4551565138681893,0.46455996889248635
2026-03-13,0,-0.008150438485065692,up|mid,0.5410409580772949,0.5493184167375088,0.5296413822109611,0.5098637997232953,0.5606356759936463,0.5762733089980474,0.5420781847725366,0.5294196860610502,0.5624181825490856,0.5813645564328843
2026-03-16,0,-0.0026036217274345574,up|mid,0.5645992836095238,0.5729748242699587,0.5851518095547781,0.5856848078152667,0.6233140509055404,0.6397516826687928,0.6162515075687431,0.601741954739111,0.5987785055604596,0.5812632947105768
2026-03-17,0,-0.008538758211568465,up|mid,0.5480574702655288,0.5572995969462206,0.5842838616652553,0.5850709132126437,0.5741480275108218,0.5693804007309792,0.5335116721139992,0.5295399352103874,0.5331124135514905,0.5507664846353709
2026-03-18,1,0.0032289630354473964,down|mid,0.520340053922413,0.5112717116936512,0.5416350511780589,0.51347580281328,0.5327442703489201,0.5247447446712914,0.5393043069504636,0.5358739326646867,0.4797752001293986,0.4342891346020617
2026-03-19,0,-0.013889299096427554,down|mid,0.46780115194309607,0.4599347457991124,0.4913781255292988,0.46476582842306224,0.44254582613702437,0.4299818674464737,0.4769033621144643,0.47638547844087176,0.48286793309685366,0.5094068600541821
2026-03-20,0,-0.01235451330720283,down|mid,0.5489436523383786,0.5429295119517354,0.5623028939933342,0.5301098181195798,0.5529845063042773,0.5575320574298291,0.5569450132431017,0.5686429306277412,0.5367881298047996,0.5345514757284141
2026-03-23,0,-0.03633259397839761,down|mid,0.5371534628023459,0.5326812691886894,0.5655281338331336,0.535114114364416,0.5446962466664106,0.5304842224603995,0.5178774911441266,0.5000657374000863,0.5004045738737886,0.4559526387157754
2026-03-24,1,0.01783161648374909,down|high,0.5919653610511015,0.5792278746242391,0.6059506856313579,0.5983392064974558,0.6131934564656866,0.5993528497767869,0.5915792259731305,0.5982557459534992,0.5463948042018842,0.5321954467474468
2026-03-25,1,0.013026115096050894,down|high,0.4845300070707738,0.47249623710749145,0.46725808855885337,0.44151042182212574,0.5085798438159321,0.4683112851347621,0.4678139587678524,0.4443070934508197,0.4834985480405653,0.49098733148117363
2026-03-26,0,-0.010873794902028111,down|high,0.45775677472783544,0.44588186946176134,0.44890903536597987,0.44149842623563107,0.497771425851851,0.4970726489853345,0.4905960914588896,0.5025090415070527,0.46160509784428233,0.4384662817835895
2026-03-27,1,0.006335682129776643,down|high,0.5224852999425833,0.5124465858027143,0.511008794163743,0.4996406949737722,0.5307835293497508,0.5313251666376422,0.5359455979038867,0.5298586783198113,0.5288732532733108,0.522112023345272
2026-03-30,1,0.0024434528341803485,down|high,0.511452426602436,0.5001039977600297,0.5213406126576517,0.512696423117738,0.5103400681698332,0.4780148546668379,0.4999498424581564,0.5051084824912024,0.48382712007315487,0.473967808963646
2026-03-31,0,-0.008010120085530259,down|high,0.49716547358027735,0.4855822711830732,0.487114839231965,0.46589329289409925,0.48644804530829877,0.4797240026783666,0.4963598436904157,0.4912293630469991,0.5158295428322691,0.4884054922375013
2026-04-01,1,0.01456655312201538,down|high,0.48598189903460576,0.4768445486054451,0.5130562654550268,0.48046546704778315,0.506707043920147,0.5293695166788266,0.48258497393462596,0.5000532350861506,0.462002332253685,0.447125570717672
2026-04-02,0,-0.007412084227331972,down|high,0.45130346937046456,0.4412614574764504,0.467957867027124,0.44138412444755304,0.45129493600936743,0.45518274928632757,0.4317227534947728,0.40978365301122094,0.44020394463547896,0.43399579298547714
2026-04-03,0,-0.009998762529389804,down|high,0.506661503058999,0.49719453336554403,0.5468700614635701,0.5202259842561948,0.5286289713631968,0.5077555755466893,0.5088102077538229,0.5118273632004074,0.5096199965988614,0.46885636037786377
2026-04-07,1,0.002594780491312454,down|high,0.5040761855381755,0.4967116721680284,0.5227279247114647,0.5317565740923181,0.5110788804983281,0.5135951254309432,0.523281477924954,0.5077966791861195,0.46943073620341824,0.42226742101738574
2026-04-08,1,0.026948214278828875,down|high,0.4495238269101131,0.44311140089315987,0.4805706174299909,0.5083825002008486,0.4646808600486591,0.46105475510184796,0.44975539829861627,0.4610449649758378,0.45733416268333654,0.4218079328368947
2026-04-09,0,-0.007215773324542374,down|high,0.45531485032195734,0.4426112975674202,0.44286107130965874,0.4513544204049132,0.4470250064351004,0.4291653920714573,0.4608615842540843,0.4423701103236359,0.42137471697469864,0.4103085428099487
2026-04-10,1,0.005056262072411943,down|high,0.5293703593961471,0.5168381441186157,0.5050799604140924,0.512150172739881,0.5553969955705852,0.5324325180146157,0.48913487597156774,0.48156400886097295,0.47705545789802656,0.5399900558867072
2026-04-13,1,0.0005852655080935687,down|high,0.4997833799303612,0.486247470753822,0.49917010245117993,0.5068569969964941,0.5321792882201345,0.5176511488551622,0.5190215875582147,0.5453550084435528,0.4791872927808348,0.4569911809750563
2026-04-14,1,0.009544301474367467,down|high,0.5037604761650187,0.4889736711331003,0.4946661249101188,0.5073354873410219,0.5095476076605038,0.4881994605786074,0.5322704541842895,0.5292178655409526,0.5152540440004285,0.5439065443826008
2026-04-15,1,0.00014503457733594516,down|high,0.48393339485133224,0.4664575237842764,0.4851726887631559,0.4947552501783184,0.48369916976686983,0.47608576574805944,0.4359839596238598,0.45288578021157255,0.4412441590313978,0.4316826732124605
2026-04-16,1,0.007036384991098155,down|high,0.4572873215593172,0.4384554498277314,0.45112281538718313,0.4599193391860959,0.4441460630993374,0.44117670731712055,0.43850127343101225,0.4444718320186359,0.4077896131159031,0.4276065598434806
2026-04-17,0,-0.0010163857057999826,down|high,0.5236168913341551,0.503058213314038,0.5433607570523561,0.5492919947483488,0.5240959681750903,0.5352957094208826,0.5067968170728683,0.5019647273574708,0.4970162728479222,0.4723283289513586
2026-04-20,1,0.007578074381236144,up|high,0.5210645515251119,0.5555537856828753,0.5913809517945734,0.5768215517859007,0.5905791542968878,0.5935866302235321,0.5929006380929618,0.6010877165575487,0.5227799990644527,0.5139650618085597
2026-04-21,1,0.0007226624747345145,up|high,0.5328505586866186,0.5653526742378711,0.5564673252386008,0.5395750288760772,0.6106189503110022,0.639159897107404,0.5444812820750535,0.5178069129593587,0.5327815490021244,0.5546698671704503
2026-04-22,1,0.00518496958564052,up|high,0.5199475042000911,0.5500101335208529,0.5243570375516121,0.5032646045141723,0.5204160274057363,0.518170760123666,0.523525200183832,0.4920721377648263,0.5603785643023461,0.5746153309119989
2026-04-23,0,-0.0031678477095203883,up|high,0.5013303100184384,0.5311203790144967,0.500576114401689,0.4780037870078422,0.5726368880725955,0.5807651610648837,0.5167972230347193,0.5204215622638413,0.5465073477940056,0.49688604061053676
2026-04-24,0,-0.003261467049410549,up|high,0.5611641932914636,0.5892421024425074,0.551163754328864,0.539287196825603,0.6086047346995436,0.5976244801664196,0.5952711983634283,0.5921296642210864,0.6063037200099364,0.6357785920583324
2026-04-27,1,0.001579450476727251,up|high,0.5629909237561265,0.5922412400594009,0.5688025773484896,0.5652247457447523,0.6048568483985043,0.6165751186330536,0.5971791911289488,0.591460375244269,0.5773923895414202,0.5882521306919418
2026-04-28,0,-0.0018860379840757169,up|high,0.5482653108705925,0.5790960449163802,0.55486856496873,0.5281612511703887,0.6003685990563857,0.6271200313828594,0.5771916027240186,0.5429059717183029,0.6081568072832794,0.6183615369674129
2026-04-29,1,0.007080061304793661,up|high,0.5271180098892966,0.557986901165231,0.5752871088020965,0.5631576695198628,0.5790126275472133,0.6274106058915682,0.5201090923741094,0.5398713037629834,0.5438311338805736,0.5216735858566504
2026-04-30,1,0.0011308543318415687,up|high,0.5139582785053917,0.5422657972788897,0.535345537850114,0.5202189526592824,0.5769062175821907,0.5786163958117726,0.5247232411842346,0.5095154014390602,0.5420307573156151,0.5951579905945344
2026-05-06,1,0.011676348117862334,up|mid,0.535198723297314,0.5411579522540267,0.5794740433054737,0.5683021693206546,0.4796317038626317,0.5014421709502956,0.5154480612115074,0.5075556522014252,0.5563011684977153,0.6062122480881978
2026-05-07,1,0.004787780511103623,up|mid,0.521866832647712,0.5263636477558572,0.5694212729425974,0.5734329989912135,0.4949984695574191,0.48623482213100205,0.5529863821852806,0.5350297648710155,0.5056435015015781,0.46007406928961847
2026-05-08,0,-3.349208581993057e-05,up|mid,0.5747441232996239,0.5788420884661921,0.6118070145016103,0.5961680623626142,0.5631859750134519,0.5528112792032699,0.5871866884631949,0.6010859000506278,0.540810441987911,0.5478490520990175
2026-05-11,1,0.010782181230789112,up|mid,0.5735941733031955,0.5770233661387509,0.5760254246026658,0.5654962995622131,0.5636573522555446,0.5392479741199427,0.5729669069429839,0.5321671813189872,0.5711252335312623,0.5661905263092155
2026-05-12,0,-0.0024927686749959266,up|low,0.5834678766635744,0.5843221384654541,0.5996022411174315,0.5937582249028084,0.5331730562418728,0.5219826856047834,0.5909008377176971,0.5763935383505054,0.6105114703695104,0.6137906987946186
2026-05-13,1,0.006663441285527316,up|low,0.5484855707971962,0.5504977981734809,0.5989048702560157,0.5964497326580871,0.5377142643735087,0.5154271818652322,0.5741139154718418,0.5424945870831935,0.5262898100780002,0.5187714484095453
2026-05-14,0,-0.015239340664106704,up|low,0.5241379883669889,0.5252205131559479,0.5530319427180386,0.5318000854333317,0.5272556612620132,0.5386170087397403,0.5551742911982547,0.5759376778024723,0.49406931722523895,0.4873474363601147
2026-05-15,0,-0.010179472167715975,up|mid,0.5813330399148848,0.5879588089449292,0.6375838447410763,0.6484007413726879,0.5841140721246947,0.6000067754341649,0.5701055230316259,0.5740238404061521,0.5567467560659471,0.5254408589861659
2026-05-18,0,-0.000933648563653855,up|mid,0.5654520585077465,0.5743623641744731,0.6403765828448261,0.6570335855600833,0.5600799381160942,0.5512938297397083,0.5891669755087345,0.5444565790948834,0.549194182348485,0.5662455323479704
2026-05-19,1,0.009199986058426646,up|mid,0.5390483393551309,0.5508148146109754,0.6070991594861677,0.6286417175439446,0.5451903034729322,0.5307474739728134,0.5523628947953819,0.5788048180265208,0.5186885620512071,0.5634671160909143
2026-05-20,0,-0.001763504733617749,up|mid,0.5134719561232701,0.5248022633294204,0.5840446954708182,0.5951688314359382,0.5192132665487992,0.4932616539567148,0.5644211589621622,0.5621345454311317,0.4916229653186251,0.46143446357822687
2026-05-21,0,-0.020399862091665888,up|mid,0.4848897916872885,0.4970664777284403,0.5405116756231813,0.5349668619085669,0.48632153171150366,0.48331344908151175,0.4641184215390495,0.44061826567333445,0.5072064332186726,0.5000759186729764
2026-05-22,1,0.008736958514224069,down|high,0.573939068719176,0.5538150650164207,0.59815749262773,0.6258498426060611,0.5047492079842326,0.5156205779488786,0.5294310480833627,0.5788051414868982,0.5689862440830342,0.5435626452046406
2026-05-25,1,0.009645019329427074,up|high,0.523770951993075,0.5621118516160859,0.5813575406476985,0.5917095976289033,0.5584670390318933,0.5509539784047184,0.5573621857093052,0.5307956797504527,0.5917353591354135,0.6144065252408046
2026-05-26,0,-0.0017329031739149459,up|high,0.5224560009597078,0.5606249624856116,0.5732629923683077,0.5765387705727225,0.49916535570768983,0.4997325803409337,0.5170783617297506,0.5126530617730419,0.5444595884969139,0.55623598948376
2026-05-27,0,-0.012458709988220518,up|high,0.5130219011377927,0.5486865707399975,0.5710993209538505,0.587634489884597,0.5259360318825884,0.5128505012522503,0.5417909640437353,0.5690884544383332,0.5773709576673558,0.5875391452824135
2026-05-28,1,0.0011991517753873193,up|high,0.5058135792257786,0.5425216919920273,0.5706647340935246,0.5800999561186484,0.5272053993505541,0.5311037406856692,0.5416756021686514,0.5088854679052912,0.5273504257816307,0.5056609521527076
2026-05-29,0,-0.00733585514790791,up|high,0.5170160902364093,0.5555610199524952,0.5908955195851092,0.5938310622121767,0.5500183792623888,0.5464320808912849,0.5182697491669777,0.539703163142734,0.5547916616622443,0.6077858198746617
2026-06-01,0,-0.002661623779761424,down|high,0.5166543592237869,0.5007727625051908,0.511835349177215,0.5305230938654321,0.45246536794870623,0.46513573677171466,0.4992524829904489,0.5120931475740652,0.4928517944491919,0.5116467468772838
2026-06-02,1,0.004278736439495834,down|high,0.5156559962467842,0.5008118387657977,0.5525871135528018,0.5615826920108192,0.490648983010355,0.4808245527820852,0.4897231114811363,0.5204973413801366,0.5598358809839716,0.5886965085496116
2026-06-03,1,0.002177123419242033,down|high,0.48358469779565566,0.46882533812262656,0.5088541399695332,0.5163940705505,0.4739337406418981,0.4281661147198605,0.4965401720914724,0.4985607226892483,0.44296476932768974,0.3953041985377413
2026-06-04,0,-0.006413605963211388,down|high,0.45417002174222904,0.43985075948744057,0.47593803538367085,0.4771489965607746,0.43593197929362737,0.42534469505653627,0.41891512270706555,0.418582438407745,0.45573543434364466,0.4194578888897044
2026-06-05,0,-0.0074042931345974505,down|high,0.5124886189134081,0.5008458189547251,0.563197350771913,0.5773833351150457,0.44048101740969947,0.4517534888298775,0.473703280160126,0.4901159205503102,0.4795787614779213,0.46796264035870916
2026-06-08,0,-0.01698174855551593,down|high,0.5136711285316571,0.5014166690535782,0.5026889114764754,0.5087910133861956,0.48043771891372994,0.48159453552793263,0.4886801476189172,0.4747448114437665,0.5231763492416005,0.5183562090364016
2026-06-09,1,0.012803402993126545,down|high,0.5517699569637349,0.5407869525396782,0.5294271476421717,0.5338269830211205,0.5813309791641348,0.574908111684312,0.5043272066918609,0.4606674314636747,0.5336510260716341,0.5137357023027717
2026-06-10,0,-0.004190740670084514,down|high,0.46441948209298894,0.45573111186002874,0.4424790593731857,0.44944160379039105,0.4884954734602327,0.47761158233906514,0.4627050347780164,0.41939762408442954,0.48147169334615914,0.5114366754345088
2026-06-11,0,-0.0015553840428766952,down|high,0.43679933923159203,0.42768830185007584,0.39371702399788866,0.3969643778434361,0.4232733845206537,0.4219008366097,0.417642974010103,0.38428414355152907,0.40317327928352237,0.39603060673897345
2026-06-12,1,0.011160730521455386,down|high,0.4854959697005381,0.47591281542236225,0.45504089764059985,0.45532405912425605,0.48009713276867283,0.493267002440549,0.46611889512627963,0.4867960960415288,0.44416780704218783,0.4656846457953857
2026-06-15,1,0.016112809260443894,down|high,0.5196630464883238,0.5035904598490645,0.49481721830849434,0.496080407203322,0.47451148594596293,0.4539391353798515,0.5050137828025894,0.4730429682850271,0.47892682455111035,0.47096858213729653
2026-06-16,0,-0.0011180352264094084,down|high,0.5352795535349313,0.5179552136501121,0.5189211259174786,0.5250007363472501,0.5447698653994012,0.55765218773867,0.5049872678598439,0.51534982209926,0.4864125303570778,0.5080848541872631
2026-06-17,1,0.003955138600921115,down|high,0.4851529108400021,0.46972351614330515,0.4661574019853665,0.47091725660449024,0.4827904426855364,0.4929993440356034,0.5002283277823139,0.48007699475345433,0.4377032454003717,0.42128187469835815
2026-06-18,0,-0.004283026896289122,down|high,0.45479535341042127,0.438369708097665,0.4576374439384198,0.457637400808571,0.408354530468965,0.3965636369255096,0.42053529842552634,0.4366438572309148,0.44908991838453266,0.4555072477720073
2026-06-22,1,0.017752435471525052,up|high,0.5180634464687505,0.5554829323199254,0.5308343960106359,0.5032211624005198,0.5588534239072015,0.5716043665696333,0.5365445148152593,0.5410148505644663,0.5861157258541784,0.6098529005051428
2026-06-23,0,-0.013654498081596356,up|high,0.5483456104185126,0.5794738121286983,0.5657807527078881,0.5406080985522003,0.5829029154001878,0.5789387791377697,0.5976025111624311,0.604387802425557,0.564735817074189,0.5767384330980422
2026-06-24,1,0.0011107452733050138,down|high,0.5238242699888351,0.5035849129485218,0.47995784441429273,0.4912482235274572,0.5394213135924845,0.528307095708965,0.47697419488348225,0.48045212320586744,0.5338850797481853,0.5049004294095861
2026-06-25,1,0.0023031940397191253,down|high,0.4536395014576124,0.4356155674925808,0.42793345421538403,0.4367555655349475,0.44520171557731497,0.4289161922633006,0.4277283294448844,0.459203216631079,0.4223500604230451,0.4065876607258635
2026-06-26,0,-0.0225751593155904,up|high,0.5055659730366786,0.5421098779481237,0.5234474384028481,0.5133430309984865,0.5607723322261118,0.5920250458018689,0.5384999567713524,0.5341424905275779,0.5420093367316331,0.5958478060671024
2026-06-29,1,0.011580315673291874,down|high,0.5431842944848029,0.5272484534998708,0.5145780157509077,0.5206897415428573,0.5660471381672494,0.5716800125923879,0.5175745680452608,0.5125368008853501,0.5178215592750913,0.5363111180393557
2026-06-30,1,0.0050308033919324036,up|high,0.5201387780308694,0.5561115426760497,0.5421874826038412,0.527770057357732,0.5841277664043537,0.5929658334802252,0.533102109895151,0.5556485660922807,0.6126228059379356,0.6063740168063725
2026-07-01,1,0.004407975093768224,up|high,0.48979268155084027,0.5265976549765423,0.49138228549766894,0.4716388556591446,0.5248401091243551,0.562172906266626,0.5358999600830373,0.5483835317310731,0.49915882959954383,0.5231990565440147
2026-07-02,0,-0.020314192651816554,up|high,0.46986946618126885,0.5041745034945987,0.49691696886493275,0.480902623582698,0.5105510463252609,0.5224774503866052,0.49105111341987523,0.4682341315760385,0.5190524561583251,0.5629071294424339
2026-07-03,1,0.0036583150156965782,down|high,0.5720009617424758,0.5531603116847089,0.5374918612476788,0.5405845441229973,0.5610470572137405,0.5408316338007041,0.5278046252008692,0.4799743559058254,0.5308710019202422,0.5175086977543158
2026-07-06,0,-0.000594760714533904,down|high,0.4994481525830491,0.48284564664519347,0.48889938836548735,0.48336377233833544,0.5066037413235968,0.5072413301822458,0.4626567938792262,0.45466797372555073,0.5042717561268132,0.49758332885848894
2026-07-07,0,-0.01262063753730902,up|high,0.49710797197598844,0.5358648835332517,0.5326368669559913,0.5170165638783316,0.5522276546013983,0.5868956273808861,0.5153231595801021,0.5192319898808573,0.5289605280457589,0.5100754866437165
2026-07-08,0,-0.004850591506515234,up|high,0.49785262892019366,0.5389343834348955,0.5373460036803791,0.5585433772585299,0.5417495443392102,0.565412173409371,0.5267665672966172,0.5346034160852868,0.5627518574557994,0.5810344249873148
2026-07-09,1,0.01654746554919817,down|high,0.43792673132363924,0.4258808098818692,0.42658633314017264,0.4451302513466594,0.4393403705218099,0.439131908296831,0.4173194851402841,0.4252266007979683,0.4005887422850359,0.39233636828393625
2026-07-10,0,-0.010014893766715938,up|high,0.5114886271412048,0.5495242460166503,0.5295615408298363,0.537292830793154,0.5842581688298004,0.578595331757235,0.5836321470578099,0.5750374495097695,0.5167358368071092,0.5076404193671324
2026-07-13,0,-0.020611777000031473,up|high,0.5248952237253368,0.5638707703111556,0.5405504921177371,0.5657223529083651,0.585082454556017,0.5977177593001745,0.5885248796311051,0.5866533850983683,0.5774767051831119,0.5302883920190139
2026-07-14,1,0.01362667529256778,down|high,0.5533956246145821,0.5401704806413439,0.5382626030238344,0.5637347616058863,0.5523195178786415,0.5472541874744433,0.5314752463107895,0.5221177763912117,0.5065794877686114,0.5289972288815367
2026-07-15,0,-0.002910923424161549,down|high,0.4871271725024061,0.47246161938309583,0.4798314719454702,0.5010220919574724,0.4943167702292977,0.5054835769711791,0.4597569368383259,0.48294024603423885,0.439706437901842,0.42358448945000804
2026-07-16,0,-0.01849666470993616,down|high,0.4409564400667728,0.42956499462240233,0.4376007541335891,0.4574618989280056,0.43109711217336083,0.4154823347934484,0.4149340627746601,0.4194254176948525,0.44023709249361936,0.44720484195337307
2026-07-17,0,-0.030459922733619527,down|high,0.5333716289275885,0.523696927102389,0.5336837071949535,0.548651952917039,0.5288905771642953,0.5248079060478051,0.5152719257875842,0.4933642677678481,0.5373713253712676,0.5137833592874007
2026-07-20,1,0.008534717619226528,down|high,0.5503404127473145,0.5420071893446674,0.5668625969722997,0.5794510430949003,0.5592091971248854,0.5816325714715223,0.5532808228623995,0.572974367326883,0.5712573281410301,0.6259739663570476
2026-07-21,1,0.01793492104509653,down|high,0.49383771449909364,0.4838845785377971,0.5101276261085959,0.5250212476330489,0.4817809944786201,0.4779043252018748,0.5089717743565821,0.5360710495539035,0.46954137650997113,0.4608684406925937
2026-07-22,1,0.0006901518411681629,down|high,0.5065692307347579,0.4914732758965678,0.5131865918846753,0.5265695593353786,0.5017347383845675,0.5002378960732988,0.5138606343897553,0.47955921204713,0.5218998805400962,0.49375915791995234
2026-07-23,1,0.0025195020266177703,down|high,0.4631652573429054,0.4518001409294753,0.4313826760126186,0.4401337946731101,0.47366124366049517,0.45732703285301535,0.39785023964154004,0.38678921998324073,0.4377279505529111,0.42258189202933166
2026-07-24,0,-0.016142016938296977,down|high,0.5011454828863345,0.49132474886188343,0.480695758001333,0.5089338170273199,0.5040824165341485,0.49969693092875755,0.5181196279433146,0.5169441964286825,0.4903013142628792,0.48326058516098885
2026-07-27,1,0.011548168186339636,down|high,0.5202265843167967,0.5129397141095783,0.49355930444880014,0.5019874430233517,0.5206797229461979,0.5160395008037014,0.5382150833938042,0.5444278954445959,0.5024923781935893,0.5219743718760249
2026-07-28,0,-0.011645191013012313,down|high,0.4881500916511418,0.47956466239733475,0.4529326742209505,0.47431657639395897,0.48265726702759054,0.47825945223908134,0.4519501089403619,0.44842600380040315,0.5371973538725173,0.5669576808116947
2026-07-29,1,0.0039739701545769,down|high,0.48505411016308453,0.4777451864878918,0.4318904076118061,0.44230593550129943,0.491419687092265,0.4920981298184476,0.4896655000129912,0.462011446746322,0.44998418823292013,0.4031204688335839
2026-07-30,0,-0.006210315402841116,down|high,0.43320891190057625,0.4222520949276843,0.3765380205846853,0.3813871653447687,0.4577715786128902,0.45623955795334076,0.40030528779061464,0.39952746661333555,0.4371804309381712,0.4014523678345461
2026-07-31,1,0.007246051126858388,down|high,0.5141847625523821,0.5016519826153404,0.4598689294439911,0.46987522031556817,0.4988455164929265,0.4938656177359886,0.4825026792731124,0.44804919427123824,0.48050876485334393,0.4685372823215745
2026-08-03,0,-0.005897039398663262,down|high,0.4860613076979551,0.4783635309677773,0.44657737568420885,0.4490792738392435,0.49051769750991364,0.4874706595272909,0.47172612117022605,0.4745196044842768,0.501088689199228,0.4966618887067423
2026-08-04,1,0.0033131539456376924,down|high,0.505844240473729,0.49852008154432587,0.5115638979395049,0.5171198105913244,0.5185699969724612,0.5321669034932238,0.4907895712567651,0.4376335706981671,0.49236019792688834,0.47210568309280476
2026-08-05,1,0.014688857581263592,down|high,0.4657605395478593,0.456902953448377,0.46046139002771597,0.4519088830700693,0.45980185089645703,0.4437148301826705,0.4399472258955839,0.4433928456982458,0.4837718371896564,0.5137857401738412
2026-08-06,1,0.005652287136805434,down|high,0.46818087854012763,0.4545068064118761,0.46935439458445627,0.4787575125502421,0.459838138873419,0.4544519533771364,0.4507626768610719,0.45693663131532397,0.43040533253306107,0.42248051927262625
2026-08-07,1,0.010174722691695504,down|high,0.5149362407324766,0.5007568240681969,0.5008186247298159,0.4979391250846258,0.5100209760863393,0.5174221122899283,0.4429216124203151,0.42274868217084954,0.47002608947141244,0.4907691088923224
2026-08-10,1,0.006740292032790585,down|high,0.5213737743345433,0.5043792984697074,0.49303193483797486,0.48587887524885887,0.5077705424351923,0.49215728691788435,0.48623624681881333,0.47444068373184056,0.519663054608824,0.4955087218510998
2026-08-11,0,-0.008193679514465146,up|high,0.5188803401823987,0.5564228638130975,0.5586554207684635,0.560946186566265,0.5837365272015191,0.5988570081028792,0.5576653522386532,0.55651249481873,0.5725629672058681,0.6050839508213792
2026-08-12,1,0.0031981958738647176,down|high,0.4899116989855964,0.47438339355806153,0.4511755099541605,0.44081853912862334,0.47729350251201236,0.4797364265086834,0.5036184307325876,0.5276398960010694,0.5005830939837846,0.5053658421421323
2026-08-13,0,-0.0049940772929111255,down|high,0.44021489259202196,0.42472346592727683,0.41520646385342547,0.40242459246077095,0.4350888970427092,0.4357118208903501,0.4037204779204434,0.3931054968046163,0.39426114971164644,0.37825610468331994
2026-08-14,1,5.3731062028772314e-05,up|high,0.5012859519475391,0.539653513146263,0.5238434769777423,0.5283942179496846,0.526118540095302,0.5258114151578186,0.5393261470562443,0.544073295256585,0.5510731410777416,0.5661783708040097
2026-08-17,1,0.014126690527748176,up|mid,0.5079670873059992,0.5219967793876196,0.5316035432813802,0.5361796222436167,0.5378198665799794,0.5332091860800454,0.5088441547740608,0.5496222849570002,0.548182563402986,0.5539978887749918
