branch,shift_sessions,log_loss,brier_score,roc_auc,accuracy,calibration_slope,probability_spread_return,logloss_improvement_vs_R1,brier_improvement_vs_R1
cycle,5,0.6969811623316311,0.2518761703294911,0.47913703176861067,0.5241730279898219,-0.34971957680981003,-0.0007941021902339268,-0.002415469578604945,-0.0011778720205838367
cycle,7,0.6934590513334067,0.2501083462889879,0.4975765238923133,0.5267175572519084,-0.025380174282581464,0.00017183907004753528,0.0011066414196194696,0.0005899520199193486
cycle,11,0.6931009493187233,0.24995730396070023,0.4912280701754386,0.5343511450381679,-0.06524114670161157,-0.0008462393743375339,0.0014647434343028065,0.0007409943482070414
cycle,13,0.6977297872734091,0.25224616695577917,0.4768979505821611,0.5343511450381679,-0.4367297329707583,-0.0010193701585185112,-0.0031640945203829096,-0.0015478686468718972
cycle,17,0.6946076547408548,0.2506629804765411,0.4953111005742585,0.5139949109414759,-0.12404060022419021,-0.0016223482127470654,-4.1961987828686986e-05,3.5317832366155155e-05
cycle,19,0.6925885856636443,0.2497005526325206,0.498445814235288,0.5190839694656488,0.01997821088403584,-0.0008270022019076136,0.0019771070893818132,0.0009977456763866632
cycle,23,0.6950053817752803,0.2508885384287436,0.48590695959117014,0.5241730279898219,-0.21557794896195231,-0.0008946597929063265,-0.00043968902225410833,-0.00019024011983631572
cycle,29,0.6924095239370529,0.2496083362196636,0.49881460407776196,0.5114503816793893,-0.005783967941335811,0.0007359317261444869,0.0021561688159732473,0.0010899620892436679
cycle,31,0.6954130801226379,0.25112767042380923,0.4694694694694695,0.5063613231552163,-0.39758272892376495,-0.0006348232299596298,-0.0008473873696117629,-0.00042937211490196026
cycle,37,0.6926541575240927,0.24974884584881396,0.4946525472841262,0.5318066157760815,-0.013965827762391882,-0.0003678192781208883,0.001911535228933503,0.0009494524600933141
cycle,41,0.6959460163528398,0.25138535585124117,0.4788999525841631,0.4910941475826972,-0.3160221298862005,-0.00017826348511463825,-0.0013803235998136598,-0.0006870575423338909
cycle,47,0.694721844838853,0.2507635628204217,0.48387861545756283,0.5292620865139949,-0.27302970634880835,-0.00023968898679813631,-0.00015615208582686613,-6.526451151445123e-05
cycle,53,0.692864910094926,0.24986413267320134,0.49080659606975396,0.5089058524173028,-0.05843808632349148,-0.00025248427444985117,0.0017007826581001417,0.0008341656357059302
cycle,59,0.6947078250116522,0.25074070912523455,0.48632843369685474,0.5063613231552163,-0.257565011420218,-0.0005477230153610492,-0.00014213225862602652,-4.241081632727628e-05
cycle,61,0.6956622343572957,0.25120848982523575,0.48348348348348347,0.5241730279898219,-0.2460399436837471,-0.0018477970801848845,-0.0010965416042695297,-0.0005101915163284731
cycle,67,0.6939647947616593,0.2503742421848229,0.48835677783046205,0.5190839694656488,-0.18477771931113024,-0.001111290388128754,0.0006008979913668666,0.0003240561240843709
cycle,71,0.6982500719540483,0.2525049210879186,0.4745798430008956,0.5012722646310432,-0.4396916199999986,-0.0011889603113924784,-0.0036843792010221588,-0.0018066227790113354
cycle,73,0.6977181628785579,0.25224160653611816,0.47473789579052733,0.5038167938931297,-0.45424276804342534,-0.0015239174478153443,-0.00315247012553177,-0.0015433082272108822
cycle,79,0.698804788815103,0.252777586512745,0.45769453664190507,0.5114503816793893,-0.6838528300518962,-0.0018911184640769982,-0.004239096062076841,-0.002079288203837737
cycle,83,0.6999609829862556,0.25332470911486343,0.45943311732785425,0.5089058524173028,-0.6647295216031993,-0.001379450960728326,-0.005395290233229488,-0.0026264108059561586
cycle,89,0.6985942603729896,0.25265574333790974,0.4640429903587798,0.5012722646310432,-0.605468462928897,-0.0006785858134045844,-0.004028567619963397,-0.001957445029002469
cycle,97,0.6947819934215422,0.2507612283099992,0.49199199199199195,0.5368956743002544,-0.18187517965273503,-0.001480551626551398,-0.00021630066851607843,-6.293000109192093e-05
cycle,101,0.6996102900482201,0.25319196872444555,0.46061851325009223,0.4910941475826972,-0.6044616244248988,-0.0024973531951191777,-0.005044597295193909,-0.002493670415538274
cycle,109,0.6924862035026306,0.2496670899000871,0.49001633212159523,0.5241730279898219,-0.018498538139221837,-0.0008350413923111926,0.002079489250395583,0.0010312084088201778
cycle,113,0.6960049913758106,0.251389842014744,0.4919656498603867,0.5343511450381679,-0.18541429222616493,-0.0005343398608667074,-0.0014392986227844684,-0.0006915437058367391
cycle,127,0.6963702360826045,0.2515749797511735,0.47376323692113165,0.5343511450381679,-0.4112031836074417,-0.0006762227709469623,-0.0018045433295783564,-0.0008766814422662139
cycle,131,0.6968219993701094,0.25179131460090576,0.4743954480796586,0.5165394402035624,-0.3778879131790709,-0.001023531773185839,-0.0022563066170832036,-0.0010930162919984832
cycle,137,0.6952014225281842,0.25099207603828244,0.4836678784047206,0.5241730279898219,-0.209134886640373,-0.0011705692171096653,-0.0006357297751580226,-0.00029377772937516644
cycle,149,0.7006564421680729,0.2536824010547528,0.45922238027501183,0.4910941475826972,-0.6900259335367037,-0.0012180953378525695,-0.006090749415046726,-0.0029841027458455405
cycle,157,0.6981977334315311,0.25249254855061515,0.46715136188820394,0.5038167938931297,-0.44720826981442696,-0.0019806646808888974,-0.0036320406785049775,-0.0017942502417078732
cycle,167,0.6973170084079504,0.25203623812445586,0.4706812075233128,0.49363867684478374,-0.5164320350260345,-0.0012792302183128879,-0.002751315654924258,-0.0013379398155485833
cycle,181,0.7027096684111293,0.25471798372382876,0.4392023602549919,0.48854961832061067,-0.87419294149795,-0.000492366963802698,-0.008143975658103098,-0.004019685414921481
cycle,197,0.6953929950729041,0.25110065258115066,0.4825615088772983,0.5216284987277354,-0.20287413515065386,0.0007858079319407211,-0.0008273023198779317,-0.00040235427224338816
cycle,211,0.6913817019874016,0.24909855407234105,0.5018439492123703,0.55470737913486,0.11183990009734943,0.0008477480998022633,0.003183990765624589,0.0015997442365662251
cycle,227,0.6976919701783694,0.2522293615848378,0.4691006796269954,0.5139949109414759,-0.47091544658248835,-0.00015105157545405488,-0.0031262774253432157,-0.0015310632759304998
cycle,241,0.6949763790196586,0.2509065127191465,0.48190295558716617,0.5139949109414759,-0.16009146329344184,-2.606570663317941e-05,-0.0004106862666324318,-0.00020821441023921583
ziping,5,0.6984633654641692,0.2525859171380986,0.4565618249828777,0.5190839694656488,-0.5784559181942458,-0.0015657307614510465,-0.003897672711143052,-0.0018876188291913065
ziping,7,0.6943968125572412,0.2505803410568249,0.49589062746957485,0.5012722646310432,-0.04138589614618517,-0.0006139824643359855,0.0001688801957849817,0.00011795725208235686
ziping,11,0.6949092766162273,0.25086215985382604,0.48319372003582534,0.5292620865139949,-0.17951088910499652,-0.0002615585901477408,-0.00034358386320110235,-0.00016386154491876415
ziping,13,0.6957346381648394,0.2512482861308483,0.47486960644855386,0.5241730279898219,-0.3220562951513542,-0.0003828249684235407,-0.001168945411813227,-0.0005499878219410448
ziping,17,0.6969719547364279,0.2518436815173258,0.4781360307676098,0.5216284987277354,-0.4261077286344568,-0.001114469468978916,-0.0024062619834017696,-0.0011453832084185045
ziping,19,0.6920177584566001,0.24941678664118827,0.5044254781096886,0.5292620865139949,0.1471497212588426,0.0005533784685635061,0.00254793429642608,0.0012815116677190042
ziping,23,0.6955388790884808,0.25116417939612395,0.48651282861809175,0.5012722646310432,-0.17854539703123845,-0.001975822090348084,-0.0009731863354546233,-0.00046588108721667965
ziping,29,0.698387846551609,0.25258563100303966,0.47655550287129234,0.5038167938931297,-0.40170473532234285,-0.0012576829150149054,-0.0038221537985828613,-0.001887332694132382
ziping,31,0.696954727145966,0.25184350401426897,0.4807702439281387,0.5165394402035624,-0.37130510276163936,-0.0005435452825762715,-0.002389034392939804,-0.001145205705361696
ziping,37,0.6975996096527649,0.25216548885624757,0.4759759759759761,0.5216284987277354,-0.4250260334378085,-0.0009400981659429398,-0.0030339168997387533,-0.0014671905473402913
ziping,41,0.696192130353396,0.2514900440025496,0.4787418997945313,0.5012722646310432,-0.45763127520349783,-0.0013161970280560847,-0.0016264376003698455,-0.0007917456936423206
ziping,47,0.6989833996048669,0.25286285352183935,0.46817870502081027,0.5012722646310432,-0.41741547284932634,0.000175476040726815,-0.00441770685184073,-0.0021645552129320733
ziping,53,0.6987672667604791,0.2527606301299366,0.47083926031294454,0.4961832061068702,-0.38619869772879445,-0.0011730511084973563,-0.004201574007452913,-0.0020623318210293284
ziping,59,0.7004967043212798,0.2535745548766544,0.47342078921026287,0.5216284987277354,-0.39071240551896785,0.00042982432114620586,-0.005931011568253597,-0.0028762565677471486
ziping,61,0.7021193702252927,0.2544106921548681,0.45160950424108315,0.48854961832061067,-0.7437210704929128,0.0002271022545789615,-0.00755367747226654,-0.0037123938459608374
ziping,67,0.700256171032644,0.2534887768430612,0.4668089141773353,0.5063613231552163,-0.5366940921533058,0.00036461238763424653,-0.005690478279617883,-0.0027904785341539284
ziping,71,0.7082621261508065,0.2574576584425512,0.4183130498919973,0.4681933842239186,-1.3415267311971855,-0.00319491401517405,-0.013696433397780372,-0.006759360133643921
ziping,73,0.6994779882411031,0.2531508809712044,0.4560876666139824,0.4961832061068702,-0.5736812357654199,-0.002189319778617752,-0.004912295488076923,-0.0024525826622971425
ziping,79,0.695401495656232,0.2510887322248763,0.4808756124545598,0.5318066157760815,-0.22047477531956494,-0.0006913524577502655,-0.00083580290320584,-0.0003904339159690462
ziping,83,0.6947860332116378,0.25081927753863126,0.47460618513250097,0.5089058524173028,-0.27944351266714035,-0.0015535298422712585,-0.0002203404586116342,-0.00012097922972398312
ziping,89,0.698825656779283,0.25278025373129165,0.46225172540962023,0.5139949109414759,-0.7342519304046301,-0.0017156775276771345,-0.004259964026256835,-0.002081955422384374
ziping,97,0.6967470345044079,0.25172985828593364,0.47244613034086724,0.5292620865139949,-0.43012777285185494,-8.756694765423023e-05,-0.002181341751381738,-0.001031559977026364
ziping,101,0.7022419075986619,0.25444545802435514,0.45845845845845845,0.5114503816793893,-0.7077105216201454,-0.0006944160104349898,-0.007676214845635743,-0.0037471597154478675
ziping,109,0.6945261365799333,0.2506435939891674,0.4904114640956746,0.5241730279898219,-0.17082800404687037,-0.0011891714358921277,3.9556173092814007e-05,5.470431973986223e-05
ziping,113,0.696656130633822,0.25169945220003476,0.4771877140298193,0.5216284987277354,-0.30533323923093747,0.00022337814611703952,-0.0020904378807958812,-0.001001153891127482
ziping,127,0.6965353145746376,0.2516742093727983,0.48324640429903587,0.5114503816793893,-0.13394309611862915,-0.00044458003777210714,-0.0019696218216114225,-0.0009759110638909996
ziping,131,0.6972163441468922,0.25200728257357186,0.4821400347716137,0.5114503816793893,-0.22972762467244695,-0.0008330295746293258,-0.0026506513938659992,-0.001308984264664581
ziping,137,0.7044779850597055,0.2555573088746731,0.4483430799220274,0.4860050890585242,-0.791295473523711,-0.001881894129284219,-0.009912292306679338,-0.00485901056576582
ziping,149,0.6976301468399168,0.25220233024345184,0.47305199936778886,0.5165394402035624,-0.3861462882713987,0.0009890880026179854,-0.0030644540868906,-0.0015040319345445696
ziping,157,0.6981263023806326,0.2523924829540497,0.4852747484326433,0.5190839694656488,-0.31753262176947605,-0.0005242608161935031,-0.0035606096276064036,-0.001694184645142427
ziping,167,0.6952306040631103,0.2510055885543023,0.487803593066751,0.5190839694656488,-0.161001269974998,0.0004106116638790659,-0.0006649113100841708,-0.0003072902453949977
ziping,181,0.6993117809723248,0.25296842605012376,0.4719983141035773,0.5139949109414759,-0.5357285981599209,-0.001729280099580839,-0.004746088219298672,-0.0022701277412164877
ziping,197,0.7002523631732319,0.25350526975160065,0.45803698435277385,0.5089058524173028,-0.5472628614903561,-0.00016441440457340452,-0.005686670420205764,-0.0028069714426933734
ziping,211,0.6991603910899623,0.25298572620922594,0.4590643274853801,0.5089058524173028,-0.5723922071695718,-0.000812241077865375,-0.004594698336936154,-0.0022874279003186615
ziping,227,0.6961330100426013,0.25144325802936773,0.47916337390021596,0.5114503816793893,-0.33862064799097163,0.0006602655468644295,-0.0015673172895751541,-0.0007449597204604586
ziping,241,0.6978074486519533,0.25231205679880453,0.4645434908592803,0.5216284987277354,-0.41525762206060507,-0.0006352979641323635,-0.0032417558989271678,-0.0016137584898972546
qimen,5,0.6978959715820392,0.2523529178774941,0.47099731310257625,0.4961832061068702,-0.312566577092135,-0.00040984642770876777,-0.0033302788290130447,-0.0016546195685868126
qimen,7,0.69709865158904,0.25194808522462986,0.4776618723987145,0.5114503816793893,-0.24389221040546294,-0.0014412683093245164,-0.002532958836013899,-0.0012497869157225838
qimen,11,0.6982019838944192,0.2525125536092017,0.45856382698487963,0.5114503816793893,-0.46908813843823727,0.00029385341254748706,-0.0036362911413930776,-0.0018142553002944428
qimen,13,0.6956183511328123,0.251217172685817,0.481349770823455,0.5063613231552163,-0.19650082451878853,-0.0020646385502151145,-0.0010526583797861866,-0.0005188743769097282
qimen,17,0.6973906612938542,0.252065191671906,0.468784574047732,0.5139949109414759,-0.4309845296064615,0.00013196447501748025,-0.0028249685408280323,-0.0013668933629987223
qimen,19,0.6938620426598235,0.25037515028665913,0.4895158316210948,0.5165394402035624,0.010520504066504167,-0.0013082361839222493,0.0007036500932026124,0.0003231480222481431
qimen,23,0.6984318228350133,0.2526227360283934,0.45582424529792953,0.49872773536895676,-0.4625766510900792,0.000176975404821782,-0.003866130081987107,-0.0019244377194861384
qimen,29,0.6909781356204623,0.24891522344321704,0.5159633317528054,0.55470737913486,0.24417029395557935,-0.0001966703038327551,0.0035875571325638678,0.0017830748656902373
qimen,31,0.6946770596498811,0.25075772245121514,0.4863284336968547,0.5139949109414759,-0.08440436019006246,-0.002794807155362099,-0.0001113668968549808,-5.9424142307862304e-05
qimen,37,0.696797492634699,0.25182117004631177,0.47587060744955484,0.49363867684478374,-0.2654050620996762,-0.00178366430816693,-0.00223179988167288,-0.001122871737404496
qimen,41,0.6946699391706413,0.2507425619916068,0.4875665138823034,0.5216284987277354,-0.15277256146296728,-0.00037524583540066376,-0.00010424641761519471,-4.426368269955239e-05
qimen,47,0.6990390813530092,0.25292835379505174,0.4604604604604604,0.47837150127226463,-0.4225149970370101,0.0004354734240317196,-0.00447338859998303,-0.0022300554861444666
qimen,53,0.6915423794347275,0.24917804010390013,0.5077445866919551,0.5241730279898219,0.21926286090280592,-0.0005894852113640563,0.003023313318298637,0.0015202582050071467
qimen,59,0.6949891991621884,0.2509330443505949,0.4862494073020389,0.5038167938931297,-0.10597885019385145,-1.6684044554027343e-05,-0.00042350640916222204,-0.0002347460416876057
qimen,61,0.6978467637580341,0.2523134780217149,0.47745113534587225,0.5012722646310432,-0.3710316619367792,-5.912178752330978e-05,-0.0032810710050079628,-0.0016151797128076129
qimen,67,0.6978065719996245,0.252271002037906,0.4740793425003952,0.48854961832061067,-0.33194770146349895,-0.0015118010144215396,-0.003240879246598327,-0.0015727037289987034
qimen,71,0.697852474908917,0.2522983726954038,0.47776724092513567,0.5114503816793893,-0.2645372739969757,-4.605320512068921e-05,-0.003286782155890844,-0.0016000743864965083
qimen,73,0.6972426315849115,0.25203912456743516,0.4693114166798378,0.4961832061068702,-0.3677974938433854,0.0005710451019448268,-0.002676938831885356,-0.001340826258527883
qimen,79,0.7012821110124177,0.2539809481761187,0.4615404878562773,0.5292620865139949,-0.6226788842289632,-0.001734033344799801,-0.00671641825939151,-0.00328264986721144
qimen,83,0.6982945260768012,0.2525052775413615,0.476608187134503,0.5216284987277354,-0.43597025866463995,-0.0015313726484252213,-0.0037288333237750493,-0.0018069792324542089
qimen,89,0.6958312227555122,0.25134604855134635,0.47745113534587214,0.5139949109414759,-0.1591476605668445,-0.000462512643191595,-0.0012655300024860816,-0.0006477502424390713
qimen,97,0.6956428214379283,0.2511423124519449,0.5012380801854486,0.5292620865139949,-0.10651126462858809,-0.000835478125619214,-0.0010771286849021733,-0.00044401414303762987
qimen,101,0.6959251473710798,0.2513408862698011,0.4919656498603867,0.5139949109414759,-0.20342719446671748,-8.04433679575052e-05,-0.001359454618053646,-0.0006425879608938367
qimen,109,0.6989878762059484,0.2528771149564122,0.4719983141035773,0.49363867684478374,-0.4234396247981675,1.4857421129353243e-05,-0.004422183452922224,-0.002178816647504911
qimen,113,0.6962343652628709,0.2515050671614466,0.48975291080554234,0.4860050890585242,-0.21771999605442152,-0.0011205027178019227,-0.0016686725098447042,-0.0008067688525393302
qimen,127,0.7032578976015195,0.254952423397819,0.4516095042410832,0.49363867684478374,-0.7426202795370213,-0.001369564620303385,-0.008692204848493312,-0.004254125088911709
qimen,131,0.6953800881495026,0.25111026247648793,0.48606501238080185,0.5063613231552163,-0.13557667785914887,-0.0008598149693628588,-0.0008143953964764306,-0.00041196416758065846
qimen,137,0.6952114291459681,0.2510200065568844,0.48835677783046205,0.5216284987277354,-0.1433253268565752,-0.00023446714877758208,-0.0006457363929419646,-0.00032170824797711495
qimen,149,0.7034485078894505,0.2550524847615232,0.4500289763447658,0.5012722646310432,-0.743670400879225,-0.0014212576121978254,-0.008882815136424305,-0.004354186452615927
qimen,157,0.6974587574050284,0.2520866550838181,0.4822980875612455,0.5190839694656488,-0.29687501553904533,7.539994903829932e-05,-0.0028930646520022307,-0.0013883567749108372
qimen,167,0.6985894452649393,0.2526713270396206,0.4771877140298193,0.5267175572519084,-0.36066023148572185,-0.001565348151881114,-0.0040237525119131146,-0.001973028730713311
qimen,181,0.6915552825371085,0.24918660694859107,0.5172277540698593,0.5267175572519084,0.19607801304220157,0.0003095217125677007,0.003010410215917636,0.001511691360316203
qimen,197,0.6947684664483982,0.25082622975174473,0.48627574943364416,0.5139949109414759,-0.08000449965574398,-0.0010640218098139087,-0.00020277369537202716,-0.00012793144283745894
qimen,211,0.69713697483079,0.25194405583758434,0.47573889679152837,0.5165394402035624,-0.32117366528521024,-0.0026267534862079926,-0.0025712820777638035,-0.0012457575286770606
qimen,227,0.6925119183968533,0.24969667970675868,0.495363784837469,0.49872773536895676,0.10036096339698684,0.0014664464275271503,0.0020537743561728217,0.0010016186021485907
qimen,241,0.6982121956593217,0.2524276718741316,0.4889363047257784,0.5063613231552163,-0.31395791895109026,0.00022726992115055988,-0.0036465029062955345,-0.0017293735652243458
meihua,5,0.6983047757258072,0.2525233710046801,0.4728939465781571,0.5012722646310432,-0.35120666765979225,-0.00040415872641897814,-0.003739082972781027,-0.0018250726957728114
meihua,7,0.697408813550461,0.25203207134226285,0.4845898530109056,0.5139949109414759,-0.27941291194515333,-0.00103785123744674,-0.0028431207974348727,-0.0013337730333555786
meihua,11,0.6958082640559604,0.25127353023498405,0.4867499078025394,0.5267175572519084,-0.3051051946984315,-0.0011084705592525079,-0.0012425713029342589,-0.0005752319260767802
meihua,13,0.6962885434972014,0.25151466197029815,0.4815868500079027,0.5089058524173028,-0.2791150126299101,-0.00025175037387309066,-0.0017228507441752194,-0.0008163636613908731
meihua,17,0.6977357124950146,0.25222357790671657,0.4813497708234551,0.5165394402035624,-0.4360073436171564,-0.0014199827718264042,-0.0031700197419884946,-0.0015252795978092926
meihua,19,0.6936329767433715,0.25020967160059165,0.49610136452241715,0.5216284987277354,0.009878979389999083,0.0004331302960312849,0.0009327160096546105,0.0004886267083156204
meihua,23,0.6911642040564552,0.24901876983993376,0.49878826194615666,0.5521628498727735,0.1920387108916441,-6.849511582417557e-05,0.0034014886965709756,0.0016795284689735124
meihua,29,0.6966369339827811,0.25169678373888016,0.47847847847847846,0.5216284987277354,-0.31819221811715215,-0.00043520236669105955,-0.0020712412297549943,-0.000998485429972884
meihua,31,0.6940399268243705,0.2504041710871357,0.4920183341235973,0.5165394402035624,-0.03656775342521761,0.00021633931859046837,0.0005257659286556082,0.00029412722177157846
meihua,37,0.6948504378403448,0.25080752908179493,0.4870133291185923,0.5343511450381679,-0.1874755120334471,0.0007150284166285299,-0.000284745087318683,-0.00010923077288765848
meihua,41,0.6962036920469675,0.2514942093827859,0.48113903377061273,0.5190839694656488,-0.2966272138732673,-3.6048533671470735e-05,-0.0016379992939413723,-0.0007959110738786079
meihua,47,0.6976135933339577,0.2521968458118503,0.4739212897107634,0.5089058524173028,-0.43132497253810625,0.0002599879312650983,-0.0030479005809315174,-0.0014985475029430373
meihua,53,0.6985301953415212,0.25263739783739464,0.4669406248353617,0.5012722646310432,-0.4747569682932949,-0.0019885422752096626,-0.003964502588495011,-0.0019390995284873647
meihua,59,0.6963389572634398,0.251547986986549,0.47344713134186817,0.5292620865139949,-0.33006155759571826,4.446415737725123e-05,-0.001773264510413597,-0.0008496886776417356
meihua,61,0.6935041954918373,0.2501558453945486,0.48838311996206735,0.5318066157760815,-0.09570351436520783,-0.0005022333085984714,0.0010614972611888707,0.0005424529143586709
meihua,67,0.6976683039113187,0.2521857223059231,0.4812180601654287,0.5368956743002544,-0.3300361731663541,-0.0014021084375712826,-0.0031026111582925786,-0.0014874239970158465
meihua,71,0.695843269750052,0.2513139867540324,0.4772930825562405,0.5089058524173028,-0.2212186878063196,-0.0012016337493182692,-0.0012775769970257977,-0.0006156884451251066
meihua,73,0.695816090964015,0.25131199229048445,0.4781360307676097,0.5216284987277354,-0.22260765213354755,-0.0007356473909421784,-0.0012503982109888234,-0.0006136939815771791
meihua,79,0.6969050695032167,0.2518406518724557,0.47465886939571156,0.4961832061068702,-0.37691339765910714,-0.00019861629026219496,-0.0023393767501905804,-0.001142353563548415
meihua,83,0.6930509015030913,0.24992401897578617,0.4971287076550235,0.544529262086514,0.03749373194705092,-0.00011259654731493948,0.0015147912499348104,0.0007742793331211029
meihua,89,0.6908963413533125,0.24884920662622134,0.5207839418365734,0.549618320610687,0.29035077966239314,0.00010185562432432524,0.003669351399713694,0.0018490916826859327
meihua,97,0.696663502914904,0.25171608543195045,0.47821505716242557,0.5292620865139949,-0.37147696251774154,-0.00014307168926295502,-0.002097810161877822,-0.001017787123043179
meihua,101,0.6950896943459072,0.25096371835673353,0.4864864864864865,0.5139949109414759,-0.12980026586253102,-9.239380525025544e-05,-0.0005240015928810182,-0.00026542004782625916
meihua,109,0.6981241219347828,0.2524486906663481,0.4658079131763342,0.5114503816793893,-0.4671422889269885,-0.001433343973590641,-0.0035584291817566394,-0.0017503923574408442
meihua,113,0.6926687068459256,0.24974355583323626,0.5023181075812655,0.5139949109414759,0.09138460124955408,8.394027093203951e-05,0.0018969859071005235,0.000954742475671011
meihua,127,0.6978974590789203,0.25232831811356893,0.48390495758916807,0.49363867684478374,-0.262768406035617,-0.00039007395484201405,-0.0033317663258941588,-0.0016300198046616532
meihua,131,0.6993546113539949,0.25305793116251596,0.46791528370475743,0.5216284987277354,-0.4317867176801921,-0.0003270709463039624,-0.00478891860096875,-0.002359632853608684
meihua,137,0.6940436121368015,0.25038138963837914,0.5061640587956378,0.5368956743002544,0.01448743346010627,0.0008800959306498096,0.0005220806162246072,0.00031690867052813765
meihua,149,0.6980728930973573,0.25239851669823155,0.4731837100258153,0.5318066157760815,-0.4331735251196281,-0.003318364210860042,-0.003507200344331163,-0.0017002183893242706
meihua,157,0.6942507098627922,0.25051188070357394,0.483799589062747,0.5114503816793893,-0.20384770063683746,-0.0005697172414482543,0.0003149828902339058,0.0001864176053333333
meihua,167,0.6930342408240305,0.24990820538900205,0.5062957694536643,0.5343511450381679,0.12608266148867947,-0.0008735774413798275,0.0015314519289956197,0.0007900929199052276
meihua,181,0.6935727821818533,0.2501599005174519,0.5059006374795848,0.5623409669211196,-0.08075929172706882,-4.635343877942529e-05,0.0009929105711729003,0.0005383977914553695
meihua,197,0.6928851828856577,0.2498595376361464,0.48933143669985774,0.5114503816793893,-0.029191053653183818,-0.000771958300608286,0.0016805098673684515,0.0008387606727608687
meihua,211,0.6952288963664369,0.25102425271435763,0.4795585058742953,0.5190839694656488,-0.20881185090871715,-0.0003709790158140602,-0.0006632036134107677,-0.00032595440545035714
meihua,227,0.7008914362074297,0.25381389177301467,0.46351614772667404,0.5114503816793893,-0.5260396416213311,-0.0012638231156580915,-0.00632574345440351,-0.0031155934641073912
meihua,241,0.6991749955742542,0.2529829021956525,0.45956482798588066,0.48346055979643765,-0.5478977680890382,-0.0009301568315027315,-0.004609302821228067,-0.002284603886745229
