date,model_id,prob_up,best_C,training_rows,training_last_date,target,same_session_return
2025-01-02,ziping,0.4818876813991669,0.01,8291,2024-12-31,0,-0.0266134568583756
2025-01-03,ziping,0.5656496413902696,0.01,8292,2025-01-02,0,-0.0156720441395579
2025-01-06,ziping,0.5537606908402826,0.01,8293,2025-01-03,0,-0.0014034246426046
2025-01-07,ziping,0.4859912195549194,0.01,8294,2025-01-06,1,0.0070849845786755
2025-01-08,ziping,0.4997319132787124,0.01,8295,2025-01-07,1,0.0001622469844975
2025-01-09,ziping,0.4565361617267686,0.01,8296,2025-01-08,0,-0.0058123911821305
2025-01-10,ziping,0.5104354575340744,0.01,8297,2025-01-09,0,-0.0133490357611167
2025-01-13,ziping,0.5267746786970264,0.01,8298,2025-01-10,0,-0.0024519302994074
2025-01-14,ziping,0.4865802388974487,0.01,8299,2025-01-13,1,0.0253689387503934
2025-01-15,ziping,0.5016667708215963,0.01,8300,2025-01-14,0,-0.0042651206131554
2025-01-16,ziping,0.4771204840065726,0.01,8301,2025-01-15,1,0.0027625276678844
2025-01-17,ziping,0.5059730113350183,0.01,8302,2025-01-16,1,0.0017889192690305
2025-01-20,ziping,0.4834981135864358,0.01,8303,2025-01-17,1,0.0007887542217785
2025-01-21,ziping,0.495681491186263,0.01,8304,2025-01-20,0,-0.0005409357356017
2025-01-22,ziping,0.5073881915701223,0.01,8305,2025-01-21,0,-0.0089430686206815
2025-01-23,ziping,0.474636213892844,0.01,8306,2025-01-22,1,0.0051468373400249
2025-01-24,ziping,0.4916849030721813,0.01,8307,2025-01-23,1,0.0069538264930202
2025-01-27,ziping,0.5221279426743622,0.01,8308,2025-01-24,0,-0.0006225738833791
2025-02-05,ziping,0.5155402270235794,0.01,8309,2025-01-27,0,-0.0064951065972108
2025-02-06,ziping,0.4700882385690097,0.01,8310,2025-02-05,1,0.0127484604370724
2025-02-07,ziping,0.5890360671796699,0.01,8311,2025-02-06,1,0.0100921557398676
2025-02-10,ziping,0.5926405604870141,0.01,8312,2025-02-07,1,0.0056007460800377
2025-02-11,ziping,0.6067060408407325,0.01,8313,2025-02-10,0,-0.00123804621678
2025-02-12,ziping,0.5568060120868212,0.01,8314,2025-02-11,1,0.0085375266307963
2025-02-13,ziping,0.5347522276178936,0.01,8315,2025-02-12,0,-0.0041543337063727
2025-02-14,ziping,0.5422575402787839,0.01,8316,2025-02-13,1,0.0042733901418252
2025-02-17,ziping,0.585631694036527,0.01,8317,2025-02-14,1,0.0027208697221521
2025-02-18,ziping,0.5823365229539095,0.01,8318,2025-02-17,0,-0.0093386732939392
2025-02-19,ziping,0.5597346078287178,0.01,8319,2025-02-18,1,0.0081359823203011
2025-02-20,ziping,0.5357626950401593,0.01,8320,2025-02-19,0,-0.0002255680151715
2025-02-21,ziping,0.5798238102634692,0.01,8321,2025-02-20,1,0.0084547402801076
2025-02-24,ziping,0.5918050613798211,0.01,8322,2025-02-21,0,-0.0018007684265072
2025-02-25,ziping,0.5930187611852478,0.01,8323,2025-02-24,0,-0.0080011194689163
2025-02-26,ziping,0.5493352923179204,0.01,8324,2025-02-25,1,0.0102132670260965
2025-02-27,ziping,0.5433007232862191,0.01,8325,2025-02-26,1,0.0023217464929734
2025-02-28,ziping,0.5734218240590874,0.01,8326,2025-02-27,0,-0.0198240173881115
2025-03-03,ziping,0.5882198453648093,0.01,8327,2025-02-28,0,-0.0011960623891676
2025-03-04,ziping,0.5304663568499256,0.01,8328,2025-03-03,1,0.0021963113425838
2025-03-05,ziping,0.4761619659629624,0.01,8329,2025-03-04,1,0.0053411186417224
2025-03-06,ziping,0.4279631300648047,0.01,8330,2025-03-05,1,0.0117095780476454
2025-03-07,ziping,0.5329119681893064,0.01,8331,2025-03-06,0,-0.0025293558483072
2025-03-10,ziping,0.5004412307522841,0.01,8332,2025-03-07,0,-0.0018926354154991
2025-03-11,ziping,0.4978160933264881,0.01,8333,2025-03-10,1,0.0040595182110907
2025-03-12,ziping,0.4769104336341789,0.01,8334,2025-03-11,0,-0.0023385805431519
2025-03-13,ziping,0.4508683255149602,0.01,8335,2025-03-12,0,-0.0039131961455833
2025-03-14,ziping,0.5100331695056034,0.01,8336,2025-03-13,1,0.0181119107853
2025-03-17,ziping,0.5422529780376926,0.01,8337,2025-03-14,1,0.0019204213873005
2025-03-18,ziping,0.4620737478703124,0.01,8338,2025-03-17,1,0.0010595047647068
2025-03-19,ziping,0.5055306449100042,0.01,8339,2025-03-18,0,-0.0009709136997672
2025-03-20,ziping,0.4250003010167877,0.01,8340,2025-03-19,0,-0.0051018129953955
2025-03-21,ziping,0.4963206705552767,0.01,8341,2025-03-20,0,-0.0129415291755696
2025-03-24,ziping,0.5184105712240689,0.01,8342,2025-03-21,1,0.0015445055041396
2025-03-25,ziping,0.499990458879409,0.01,8343,2025-03-24,0,-1.5430138859295894e-05
2025-03-26,ziping,0.4536070053827636,0.01,8344,2025-03-25,0,-0.0003795279254213
2025-03-27,ziping,0.412661291995668,0.01,8345,2025-03-26,1,0.0014996896426124
2025-03-28,ziping,0.4493389254025904,0.01,8346,2025-03-27,0,-0.0066519471365534
2025-03-31,ziping,0.508323704798966,0.01,8347,2025-03-28,0,-0.0046432630612474
2025-04-01,ziping,0.5095269198172286,0.01,8348,2025-03-31,1,0.0038039467033761
2025-04-02,ziping,0.4918134800252497,0.01,8349,2025-04-01,1,0.0005053106899193
2025-04-03,ziping,0.442028180881708,0.01,8350,2025-04-02,0,-0.0024234902139531
2025-04-07,ziping,0.4812401326890349,0.01,8351,2025-04-03,0,-0.073438483690045
2025-04-08,ziping,0.6692659751520371,0.01,8352,2025-04-07,1,0.0158152100901123
2025-04-09,ziping,0.4183154026998987,0.01,8353,2025-04-08,1,0.013117265062474
2025-04-10,ziping,0.4422647590412118,0.01,8354,2025-04-09,1,0.0115563839701771
2025-04-11,ziping,0.4895702762310954,0.01,8355,2025-04-10,1,0.0045256322204911
2025-04-14,ziping,0.5154469014480104,0.01,8356,2025-04-11,1,0.0075908822945396
2025-04-15,ziping,0.5070503642413398,0.01,8357,2025-04-14,1,0.0014876756462531
2025-04-16,ziping,0.4591253349883328,0.01,8358,2025-04-15,1,0.0025528956177229
2025-04-17,ziping,0.3987532682614128,0.01,8359,2025-04-16,1,0.0013238689574248
2025-04-18,ziping,0.5122754172593577,0.01,8360,2025-04-17,0,-0.0011008001911996
2025-04-21,ziping,0.5010933287284601,0.01,8361,2025-04-18,1,0.0044874005487178
2025-04-22,ziping,0.5224108718028321,0.01,8362,2025-04-21,1,0.0025286850655368
2025-04-23,ziping,0.5035866952227567,0.01,8363,2025-04-22,0,-0.001030985008896
2025-04-24,ziping,0.4717751654200509,0.01,8364,2025-04-23,1,0.0002830399031656
2025-04-25,ziping,0.4918806995765682,0.01,8365,2025-04-24,0,-0.0006757068233045
2025-04-28,ziping,0.5001131741666005,0.01,8366,2025-04-25,0,-0.002016655235413
2025-04-29,ziping,0.4726921285237908,0.01,8367,2025-04-28,0,-0.0005352122527113
2025-04-30,ziping,0.4873802098234299,0.01,8368,2025-04-29,0,-0.0023196836905607
2025-05-06,ziping,0.5080316917388228,0.01,8369,2025-04-30,1,0.0113091337044388
2025-05-07,ziping,0.4635972455482733,0.01,8370,2025-05-06,1,0.0080066608084039
2025-05-08,ziping,0.4328295945635237,0.01,8371,2025-05-07,1,0.0027914852370787
2025-05-09,ziping,0.5538726248937366,0.01,8372,2025-05-08,0,-0.0029824021269716
2025-05-12,ziping,0.5657591205003959,0.01,8373,2025-05-09,1,0.008152605671037
2025-05-13,ziping,0.5815179748029279,0.01,8374,2025-05-12,1,0.0016698102987464
2025-05-14,ziping,0.5620640062323096,0.01,8375,2025-05-13,1,0.0086157367200108
2025-05-15,ziping,0.5324487203224999,0.01,8376,2025-05-14,0,-0.00679416959366
2025-05-16,ziping,0.5650645113975638,0.01,8377,2025-05-15,0,-0.0039514070694662
2025-05-19,ziping,0.527201678184165,0.01,8378,2025-05-16,1,3.593210554431181e-05
2025-05-20,ziping,0.5533828885321117,0.01,8379,2025-05-19,1,0.0038291558069987
2025-05-21,ziping,0.5156273652671454,0.01,8380,2025-05-20,1,0.0020991114274371
2025-05-22,ziping,0.5067253762437798,0.01,8381,2025-05-21,0,-0.002180026178026
2025-05-23,ziping,0.5704434976238969,0.01,8382,2025-05-22,0,-0.0094127872731376
2025-05-26,ziping,0.5620339707576255,0.01,8383,2025-05-23,0,-0.0004578344341668
2025-05-27,ziping,0.4959857046749992,0.01,8384,2025-05-26,0,-0.0018381523580907
2025-05-28,ziping,0.4698060778841853,0.01,8385,2025-05-27,0,-0.0002260014182712
2025-05-29,ziping,0.4516496821717927,0.01,8386,2025-05-28,1,0.0070402630951769
2025-05-30,ziping,0.5483155047747594,0.01,8387,2025-05-29,0,-0.004744836099643
2025-06-03,ziping,0.5751887692513902,0.01,8388,2025-05-30,1,0.0043283215140192
2025-06-04,ziping,0.5218506844868589,0.01,8389,2025-06-03,1,0.0042317375257883
2025-06-05,ziping,0.4802633702820765,0.01,8390,2025-06-04,1,0.0023387219311161
2025-06-06,ziping,0.4914625215152347,0.01,8391,2025-06-05,1,0.0003720340332833
2025-06-09,ziping,0.5500202048693535,0.01,8392,2025-06-06,1,0.004257747629645
2025-06-10,ziping,0.5133924581220612,0.01,8393,2025-06-09,0,-0.0043991185291248
2025-06-11,ziping,0.5481608926190015,0.01,8394,2025-06-10,1,0.0051701480966763
2025-06-12,ziping,0.5213244410452362,0.01,8395,2025-06-11,1,0.0001005197635963
2025-06-13,ziping,0.5306381170211951,0.01,8396,2025-06-12,0,-0.0075417511839273
2025-06-16,ziping,0.5210354898662575,0.01,8397,2025-06-13,1,0.0034743896646605
2025-06-17,ziping,0.5784473543484118,0.01,8398,2025-06-16,0,-0.0003907069582724
2025-06-18,ziping,0.4338555948090091,0.01,8399,2025-06-17,1,0.0004144765683464
2025-06-19,ziping,0.4562007570215077,0.01,8400,2025-06-18,0,-0.0078791693482872
2025-06-20,ziping,0.512560111426591,0.01,8401,2025-06-19,0,-0.0006582179989459
2025-06-23,ziping,0.5128353320611274,0.01,8402,2025-06-20,1,0.0064546659940265
2025-06-24,ziping,0.5575512733525518,0.01,8403,2025-06-23,1,0.0115283320055523
2025-06-25,ziping,0.5460249938949004,0.01,8404,2025-06-24,1,0.0103515032307519
2025-06-26,ziping,0.4847365150284943,0.01,8405,2025-06-25,0,-0.0021762316498908
2025-06-27,ziping,0.5920497975497567,0.01,8406,2025-06-26,0,-0.0070251791165487
2025-06-30,ziping,0.5259792409979118,0.01,8407,2025-06-27,1,0.0058988495797738
2025-07-01,ziping,0.5668514555220497,0.01,8408,2025-06-30,1,0.0038674078061191
2025-07-02,ziping,0.5550911120439916,0.01,8409,2025-07-01,0,-0.0008546027225242
2025-07-03,ziping,0.4859854343128306,0.01,8410,2025-07-02,1,0.0018406317949097
2025-07-04,ziping,0.5584956939461385,0.01,8411,2025-07-03,1,0.0032266722832954
2025-07-07,ziping,0.5918250025175845,0.01,8412,2025-07-04,1,0.0002326975142548
2025-07-08,ziping,0.5067254099637138,0.01,8413,2025-07-07,1,0.0070103972587238
2025-07-09,ziping,0.5253739960760139,0.01,8414,2025-07-08,0,-0.0012651984646064
2025-07-10,ziping,0.4831604776148433,0.01,8415,2025-07-09,1,0.0047614548889938
2025-07-11,ziping,0.5579255338541168,0.01,8416,2025-07-10,1,0.0001410384188653
2025-07-14,ziping,0.5588822734701835,0.01,8417,2025-07-11,1,0.0026987243093439
2025-07-15,ziping,0.5765435098218503,0.01,8418,2025-07-14,0,-0.0041626298069411
2025-07-16,ziping,0.5054997769652441,0.01,8419,2025-07-15,0,-0.0003486448926233
2025-07-17,ziping,0.5407509132620425,0.01,8420,2025-07-16,1,0.00372426669848
2025-07-18,ziping,0.5093428258459856,0.01,8421,2025-07-17,1,0.0050207203882137
2025-07-21,ziping,0.5495377051490407,0.01,8422,2025-07-18,1,0.0071603117061249
2025-07-22,ziping,0.5865855582949272,0.01,8423,2025-07-21,1,0.0061998021793974
2025-07-23,ziping,0.5841783637348695,0.01,8424,2025-07-22,1,0.0001220036176725
2025-07-24,ziping,0.5130349720934909,0.01,8425,2025-07-23,1,0.0065402152473077
2025-07-25,ziping,0.5806118327555881,0.01,8426,2025-07-24,0,-0.0033480072118603
2025-07-28,ziping,0.54013573835519,0.01,8427,2025-07-25,1,0.001191544541699
2025-07-29,ziping,0.5524158663892834,0.01,8428,2025-07-28,1,0.0032724308402287
2025-07-30,ziping,0.5204816120992879,0.01,8429,2025-07-29,1,0.0016638451111461
2025-07-31,ziping,0.5157092901286358,0.01,8430,2025-07-30,0,-0.0117567276421246
2025-08-01,ziping,0.5922118815903178,0.01,8431,2025-07-31,0,-0.0037098316134968
2025-08-04,ziping,0.5575092198527302,0.01,8432,2025-08-01,1,0.0065610435196878
2025-08-05,ziping,0.5065454042598283,0.01,8433,2025-08-04,1,0.009569088236599
2025-08-06,ziping,0.5729795001000945,0.01,8434,2025-08-05,1,0.0045325655310513
2025-08-07,ziping,0.4668043891214216,0.01,8435,2025-08-06,1,0.0015608166769629
2025-08-08,ziping,0.5479682902976686,0.01,8436,2025-08-07,0,-0.0012470921103495
2025-08-11,ziping,0.5862243427971401,0.01,8437,2025-08-08,1,0.0034163858879245
2025-08-12,ziping,0.5704453128309837,0.01,8438,2025-08-11,1,0.0050365355127706
2025-08-13,ziping,0.5419806998719823,0.01,8439,2025-08-12,1,0.0047865227754684
2025-08-14,ziping,0.5120513670947453,0.01,8440,2025-08-13,0,-0.0046211922741222
2025-08-15,ziping,0.5488640833184129,0.01,8441,2025-08-14,1,0.0082717773056884
2025-08-18,ziping,0.5784356355943135,0.01,8442,2025-08-15,1,0.0084549462219867
2025-08-19,ziping,0.5585598056981446,0.01,8443,2025-08-18,0,-0.0001982281780684
2025-08-20,ziping,0.5393041083075342,0.01,8444,2025-08-19,1,0.0104424450163229
2025-08-21,ziping,0.5699466672340949,0.01,8445,2025-08-20,1,0.0012981219847008
2025-08-22,ziping,0.5722353920845963,0.01,8446,2025-08-21,1,0.0144944484353235
2025-08-25,ziping,0.5823284155814245,0.01,8447,2025-08-22,1,0.0151088973455986
2025-08-26,ziping,0.6242351005434899,0.01,8448,2025-08-25,0,-0.0039087827103055
2025-08-27,ziping,0.5527102376320912,0.01,8449,2025-08-26,0,-0.017586680943092
2025-08-28,ziping,0.5445147915774752,0.01,8450,2025-08-27,1,0.0113797413396135
2025-08-29,ziping,0.5553746128974325,0.01,8451,2025-08-28,1,0.0037282784849712
2025-09-01,ziping,0.5626136096427408,0.01,8452,2025-08-29,1,0.0045628131377291
2025-09-02,ziping,0.5659818718928159,0.01,8453,2025-09-01,0,-0.0044889344167121
2025-09-03,ziping,0.536276658105383,0.01,8454,2025-09-02,0,-0.0115537748439465
2025-09-04,ziping,0.494680091817889,0.01,8455,2025-09-03,0,-0.0125030253907308
2025-09-05,ziping,0.5689500917699993,0.01,8456,2025-09-04,1,0.0123843695331444
2025-09-08,ziping,0.4753451936353315,0.01,8457,2025-09-05,1,0.0037578878398871
2025-09-09,ziping,0.55315763156067,0.01,8458,2025-09-08,0,-0.0051083909679027
2025-09-10,ziping,0.5296660841993552,0.01,8459,2025-09-09,1,0.0012946209536857
2025-09-11,ziping,0.4934240694994561,0.01,8460,2025-09-10,1,0.0165488831838449
2025-09-12,ziping,0.5345569923603366,0.01,8461,2025-09-11,0,-0.0012156449975989
2025-09-15,ziping,0.5494846766725019,0.01,8462,2025-09-12,0,-0.0026078657613113
2025-09-16,ziping,0.5166236303837884,0.01,8463,2025-09-15,1,0.0003525446418395
2025-09-17,ziping,0.5175190132690958,0.01,8464,2025-09-16,1,0.0037484479649081
2025-09-18,ziping,0.4056996012499199,0.01,8465,2025-09-17,0,-0.0115276236017419
2025-09-19,ziping,0.5628407083308118,0.01,8466,2025-09-18,0,-0.0030187991823901
2025-09-22,ziping,0.5216328230857668,0.01,8467,2025-09-19,1,0.00222167598713
2025-09-23,ziping,0.4786260759644182,0.01,8468,2025-09-22,0,-0.0017612292403232
2025-09-24,ziping,0.4919430617508781,0.01,8469,2025-09-23,1,0.0083229696326343
2025-09-25,ziping,0.4962084797432944,0.01,8470,2025-09-24,0,-8.822822670073727e-05
2025-09-26,ziping,0.5073964346218399,0.01,8471,2025-09-25,0,-0.0065388074954934
2025-09-29,ziping,0.5094131962199336,0.01,8472,2025-09-26,1,0.0089929589201551
2025-09-30,ziping,0.5427175146962424,0.01,8473,2025-09-29,1,0.0052413805244848
2025-10-09,ziping,0.4785470547491424,0.01,8474,2025-09-30,1,0.0131851507310361
2025-10-10,ziping,0.5614983105893594,0.01,8475,2025-10-09,0,-0.0093910175263068
2025-10-13,ziping,0.5849496278734887,0.01,8476,2025-10-10,0,-0.0019312152748196
2025-10-14,ziping,0.5755805240889657,0.01,8477,2025-10-13,0,-0.0062406446892173
2025-10-15,ziping,0.5244484299753398,0.01,8478,2025-10-14,1,0.0121547778928494
2025-10-16,ziping,0.4766682880364107,0.01,8479,2025-10-15,1,0.0010270409819512
2025-10-17,ziping,0.5218880219774322,0.01,8480,2025-10-16,0,-0.0195272083239279
2025-10-20,ziping,0.5660156304833258,0.01,8481,2025-10-17,1,0.0062863385814979
2025-10-21,ziping,0.5083377304179373,0.01,8482,2025-10-20,1,0.0135715455888658
2025-10-22,ziping,0.51777814139683,0.01,8483,2025-10-21,0,-0.0006572476490757
2025-10-23,ziping,0.4739861649960967,0.01,8484,2025-10-22,1,0.002210662999603
2025-10-24,ziping,0.5362091088478832,0.01,8485,2025-10-23,1,0.0071134838020503
2025-10-27,ziping,0.5319463711081553,0.01,8486,2025-10-24,1,0.0118048903479017
2025-10-28,ziping,0.5167402977875737,0.01,8487,2025-10-27,0,-0.00218191643868
2025-10-29,ziping,0.5318241068748734,0.01,8488,2025-10-28,1,0.0070474978336221
2025-10-30,ziping,0.5167132783008909,0.01,8489,2025-10-29,0,-0.0073275833092442
2025-10-31,ziping,0.5483422353194161,0.01,8490,2025-10-30,0,-0.0080541252466513
2025-11-03,ziping,0.5671251250219638,0.01,8491,2025-10-31,1,0.005494855605481
2025-11-04,ziping,0.5570118429378597,0.01,8492,2025-11-03,0,-0.0041078621237006
2025-11-05,ziping,0.5130223641382329,0.01,8493,2025-11-04,1,0.0022882763587366
2025-11-06,ziping,0.4931565461838261,0.01,8494,2025-11-05,1,0.0097025935391288
2025-11-07,ziping,0.510953969363017,0.01,8495,2025-11-06,0,-0.0025460606423538
2025-11-10,ziping,0.5458471180275889,0.01,8496,2025-11-07,1,0.0052634659777124
2025-11-11,ziping,0.5981373632892107,0.01,8497,2025-11-10,0,-0.0039414253282925
2025-11-12,ziping,0.5480139670130211,0.01,8498,2025-11-11,0,-0.0006540490331915
2025-11-13,ziping,0.4933336686857231,0.01,8499,2025-11-12,1,0.0073399931002415
2025-11-14,ziping,0.5466011050106074,0.01,8500,2025-11-13,0,-0.009680851301439
2025-11-17,ziping,0.5635972914355634,0.01,8501,2025-11-14,0,-0.0046252442054764
2025-11-18,ziping,0.5564985735497724,0.01,8502,2025-11-17,0,-0.0081122145197611
2025-11-19,ziping,0.5429314430860915,0.01,8503,2025-11-18,1,0.0017587129135316
2025-11-20,ziping,0.4587115401707393,0.01,8504,2025-11-19,0,-0.0039756842479189
2025-11-21,ziping,0.561450781805235,0.01,8505,2025-11-20,0,-0.0244616516041129
2025-11-24,ziping,0.5769532392254756,0.01,8506,2025-11-21,1,0.0004889317584255
2025-11-25,ziping,0.4953695941784941,0.01,8507,2025-11-24,1,0.0086679771453355
2025-11-26,ziping,0.5085539936569994,0.01,8508,2025-11-25,0,-0.0015087765628266
2025-11-27,ziping,0.4423621245257964,0.01,8509,2025-11-26,1,0.0028660643489026
2025-11-28,ziping,0.5279679585116981,0.01,8510,2025-11-27,1,0.0034415764210855
2025-12-01,ziping,0.5532279700903902,0.01,8511,2025-11-28,1,0.006534492140608
2025-12-02,ziping,0.5358908256266947,0.01,8512,2025-12-01,0,-0.0041629982171718
2025-12-03,ziping,0.5042714149716856,0.01,8513,2025-12-02,0,-0.0050573259389098
2025-12-04,ziping,0.4608649131280317,0.01,8514,2025-12-03,0,-0.0005691077875192
2025-12-05,ziping,0.4878879209025383,0.01,8515,2025-12-04,1,0.0069701864882876
2025-12-08,ziping,0.4952799440048234,0.01,8516,2025-12-05,1,0.0054499222098549
2025-12-09,ziping,0.5119667006771067,0.01,8517,2025-12-08,0,-0.0037094063879464
2025-12-10,ziping,0.4867057256249985,0.01,8518,2025-12-09,0,-0.0023087221404559
2025-12-11,ziping,0.4912093657162923,0.01,8519,2025-12-10,0,-0.0069678317834449
2025-12-12,ziping,0.5511734924632107,0.01,8520,2025-12-11,1,0.0041380542470306
2025-12-15,ziping,0.5342404196207671,0.01,8521,2025-12-12,0,-0.0055086382132112
2025-12-16,ziping,0.5334960670757216,0.01,8522,2025-12-15,0,-0.0111452638251918
2025-12-17,ziping,0.501190524911993,0.01,8523,2025-12-16,1,0.011887120203555
2025-12-18,ziping,0.4621892130380748,0.01,8524,2025-12-17,1,0.0015743055150043
2025-12-19,ziping,0.4977736196661322,0.01,8525,2025-12-18,1,0.0036314893491875
2025-12-22,ziping,0.5657989415023261,0.01,8526,2025-12-19,1,0.006918483424017
2025-12-23,ziping,0.4773182401026157,0.01,8527,2025-12-22,1,0.0006675407238132
2025-12-24,ziping,0.5222324967986716,0.01,8528,2025-12-23,1,0.005349008247238
2025-12-25,ziping,0.4921786279452462,0.01,8529,2025-12-24,1,0.0047384549957154
2025-12-26,ziping,0.5296571757620374,0.01,8530,2025-12-25,1,0.0010248455597139
2025-12-29,ziping,0.5492530931027259,0.01,8531,2025-12-26,1,0.0004039176734544
2025-12-30,ziping,0.5638579486372554,0.01,8532,2025-12-29,0,-4.135899608603832e-05
2025-12-31,ziping,0.5301229298316231,0.01,8533,2025-12-30,1,0.0009391906819371
2026-01-05,ziping,0.5580661850388746,0.01,8534,2025-12-31,1,0.013751373197206
2026-01-06,ziping,0.5503463289924014,0.01,8535,2026-01-05,1,0.0149748335805113
2026-01-07,ziping,0.5907381200337942,0.01,8536,2026-01-06,1,0.0005154680829755
2026-01-08,ziping,0.5009775687939593,0.01,8537,2026-01-07,0,-0.0006835917422705
2026-01-09,ziping,0.5681251573000696,0.01,8538,2026-01-08,1,0.0091714897382524
2026-01-12,ziping,0.5406010717793426,0.01,8539,2026-01-09,1,0.0108874664901152
2026-01-13,ziping,0.5867089294396521,0.01,8540,2026-01-12,0,-0.0063688288466077
2026-01-14,ziping,0.5335503509979199,0.01,8541,2026-01-13,0,-0.0030603376519386
2026-01-15,ziping,0.5119011385816736,0.01,8542,2026-01-14,0,-0.0032699214486925
2026-01-16,ziping,0.5516475161922013,0.01,8543,2026-01-15,0,-0.0025988419494135
2026-01-19,ziping,0.5620547605572388,0.01,8544,2026-01-16,1,0.0029466739055656
2026-01-20,ziping,0.557401719892346,0.01,8545,2026-01-19,0,-8.531842489056807e-05
2026-01-21,ziping,0.5254451801038088,0.01,8546,2026-01-20,1,0.0008000196419284
2026-01-22,ziping,0.471030737169502,0.01,8547,2026-01-21,1,0.0013689779302104
2026-01-23,ziping,0.5449589791981816,0.01,8548,2026-01-22,1,0.0032959974540189
2026-01-26,ziping,0.5467222828082915,0.01,8549,2026-01-23,0,-0.0008604591113892
2026-01-27,ziping,0.5611150035823599,0.01,8550,2026-01-26,1,0.0017661983180103
2026-01-28,ziping,0.5244982863105344,0.01,8551,2026-01-27,1,0.002737744643354
2026-01-29,ziping,0.5146249134451567,0.01,8552,2026-01-28,1,0.0016252982845115
2026-01-30,ziping,0.5507325942792042,0.01,8553,2026-01-29,0,-0.009628942865354
2026-02-02,ziping,0.6148293425469658,0.01,8554,2026-01-30,0,-0.0248186718239279
2026-02-03,ziping,0.5589807553181332,0.01,8555,2026-02-02,1,0.0129470340006563
2026-02-04,ziping,0.5534281447429404,0.01,8556,2026-02-03,1,0.0084725220749222
2026-02-05,ziping,0.4935046107875049,0.01,8557,2026-02-04,0,-0.0064075342949957
2026-02-06,ziping,0.5670355104489436,0.01,8558,2026-02-05,0,-0.002535380381887
2026-02-09,ziping,0.5391252177788386,0.01,8559,2026-02-06,1,0.0141448348244273
2026-02-10,ziping,0.5530450428636553,0.01,8560,2026-02-09,1,0.0012813205629755
2026-02-11,ziping,0.5009488687172532,0.01,8561,2026-02-10,1,0.0008749209434322
2026-02-12,ziping,0.5152842701605552,0.01,8562,2026-02-11,1,0.0004920153388747
2026-02-13,ziping,0.600526396492176,0.01,8563,2026-02-12,0,-0.0125652573355994
2026-02-24,ziping,0.6002693229345201,0.01,8564,2026-02-13,1,0.0086563861057848
2026-02-25,ziping,0.517220237131971,0.01,8565,2026-02-24,1,0.0072429044576334
2026-02-26,ziping,0.5155947742934437,0.01,8566,2026-02-25,0,-0.0001446748444925
2026-02-27,ziping,0.5773815849867946,0.01,8567,2026-02-26,1,0.0039190851561181
2026-03-02,ziping,0.5418438035775172,0.01,8568,2026-02-27,1,0.0047344604050754
2026-03-03,ziping,0.5200161290241654,0.01,8569,2026-03-02,0,-0.0143248527049381
2026-03-04,ziping,0.5575189690075122,0.01,8570,2026-03-03,0,-0.0097514332923567
2026-03-05,ziping,0.5563912861676079,0.01,8571,2026-03-04,1,0.0063914675267986
2026-03-06,ziping,0.5579885177689538,0.01,8572,2026-03-05,1,0.0038035159217313
2026-03-09,ziping,0.5138609085284924,0.01,8573,2026-03-06,0,-0.0066902769365361
2026-03-10,ziping,0.5479988217329177,0.01,8574,2026-03-09,1,0.0064775636002716
2026-03-11,ziping,0.5225873997410898,0.01,8575,2026-03-10,1,0.002496884654358
2026-03-12,ziping,0.5113193852036279,0.01,8576,2026-03-11,0,-0.0010475553855596
2026-03-13,ziping,0.5487919359108194,0.01,8577,2026-03-12,0,-0.0081504384850656
2026-03-16,ziping,0.6155731373941998,0.01,8578,2026-03-13,0,-0.0026036217274345
2026-03-17,ziping,0.5522831106251843,0.01,8579,2026-03-16,0,-0.0085387582115684
2026-03-18,ziping,0.533596438080325,0.01,8580,2026-03-17,1,0.0032289630354473
2026-03-19,ziping,0.4474497187312607,0.01,8581,2026-03-18,0,-0.0138892990964275
2026-03-20,ziping,0.5487545399377399,0.01,8582,2026-03-19,0,-0.0123545133072028
2026-03-23,ziping,0.5504424222606034,0.01,8583,2026-03-20,0,-0.0363325939783976
2026-03-24,ziping,0.5997233291473784,0.01,8584,2026-03-23,1,0.017831616483749
2026-03-25,ziping,0.5037556773446186,0.01,8585,2026-03-24,1,0.0130261150960508
2026-03-26,ziping,0.4981592399203509,0.01,8586,2026-03-25,0,-0.0108737949020281
2026-03-27,ziping,0.5243021073606501,0.01,8587,2026-03-26,1,0.0063356821297766
2026-03-30,ziping,0.5186976481475813,0.01,8588,2026-03-27,1,0.0024434528341803
2026-03-31,ziping,0.4894128252761871,0.01,8589,2026-03-30,0,-0.0080101200855302
2026-04-01,ziping,0.5192624805726636,0.01,8590,2026-03-31,1,0.0145665531220153
2026-04-02,ziping,0.4760534965084523,0.01,8591,2026-04-01,0,-0.0074120842273319
2026-04-03,ziping,0.5418049960639318,0.01,8592,2026-04-02,0,-0.0099987625293898
2026-04-07,ziping,0.5269477606532669,0.01,8593,2026-04-03,1,0.0025947804913124
2026-04-08,ziping,0.4819796087854225,0.01,8594,2026-04-07,1,0.0269482142788288
2026-04-09,ziping,0.4624790342830026,0.01,8595,2026-04-08,0,-0.0072157733245423
2026-04-10,ziping,0.5645416077201533,0.01,8596,2026-04-09,1,0.0050562620724119
2026-04-13,ziping,0.5511365699850881,0.01,8597,2026-04-10,1,0.0005852655080935
2026-04-14,ziping,0.524421882853541,0.01,8598,2026-04-13,1,0.0095443014743674
2026-04-15,ziping,0.5089177186911167,0.01,8599,2026-04-14,1,0.0001450345773359
2026-04-16,ziping,0.4736893688854869,0.01,8600,2026-04-15,1,0.0070363849910981
2026-04-17,ziping,0.552950041318622,0.01,8601,2026-04-16,0,-0.0010163857057999
2026-04-20,ziping,0.5681209008021187,0.01,8602,2026-04-17,1,0.0075780743812361
2026-04-21,ziping,0.5888224940120375,0.01,8603,2026-04-20,1,0.0007226624747345
2026-04-22,ziping,0.5041802060196753,0.01,8604,2026-04-21,1,0.0051849695856405
2026-04-23,ziping,0.5491028152454035,0.01,8605,2026-04-22,0,-0.0031678477095203
2026-04-24,ziping,0.5782418115342821,0.01,8606,2026-04-23,0,-0.0032614670494105
2026-04-27,ziping,0.5829216951547354,0.01,8607,2026-04-24,1,0.0015794504767272
2026-04-28,ziping,0.5776649982619114,0.01,8608,2026-04-27,0,-0.0018860379840757
2026-04-29,ziping,0.5532302950045843,0.01,8609,2026-04-28,1,0.0070800613047936
2026-04-30,ziping,0.5536550579836442,0.01,8610,2026-04-29,1,0.0011308543318415
2026-05-06,ziping,0.4846039013872313,0.01,8611,2026-04-30,1,0.0116763481178623
2026-05-07,ziping,0.4876444698187288,0.01,8612,2026-05-06,1,0.0047877805111036
2026-05-08,ziping,0.5566355626084714,0.01,8613,2026-05-07,0,-3.349208581993057e-05
2026-05-11,ziping,0.5622138322048686,0.01,8614,2026-05-08,1,0.0107821812307891
2026-05-12,ziping,0.5364852171521596,0.01,8615,2026-05-11,0,-0.0024927686749959
2026-05-13,ziping,0.5363998046934559,0.01,8616,2026-05-12,1,0.0066634412855273
2026-05-14,ziping,0.5311813941016157,0.01,8617,2026-05-13,0,-0.0152393406641067
2026-05-15,ziping,0.5763071390853068,0.01,8618,2026-05-14,0,-0.0101794721677159
2026-05-18,ziping,0.5522905499098822,0.01,8619,2026-05-15,0,-0.0009336485636538
2026-05-19,ziping,0.531132094113442,0.01,8620,2026-05-18,1,0.0091999860584266
2026-05-20,ziping,0.5210034359359212,0.01,8621,2026-05-19,0,-0.0017635047336177
2026-05-21,ziping,0.4845655244665521,0.01,8622,2026-05-20,0,-0.0203998620916658
2026-05-22,ziping,0.5204519808100357,0.01,8623,2026-05-21,1,0.008736958514224
2026-05-25,ziping,0.5269959702582411,0.01,8624,2026-05-22,1,0.009645019329427
2026-05-26,ziping,0.4759491691595147,0.01,8625,2026-05-25,0,-0.0017329031739149
2026-05-27,ziping,0.4943763460309532,0.01,8626,2026-05-26,0,-0.0124587099882205
2026-05-28,ziping,0.4917055268324324,0.01,8627,2026-05-27,1,0.0011991517753873
2026-05-29,ziping,0.5121586085059299,0.01,8628,2026-05-28,0,-0.0073358551479079
2026-06-01,ziping,0.4853598254976781,0.01,8629,2026-05-29,0,-0.0026616237797614
2026-06-02,ziping,0.5128011524051395,0.01,8630,2026-06-01,1,0.0042787364394958
2026-06-03,ziping,0.5048406077881498,0.01,8631,2026-06-02,1,0.002177123419242
2026-06-04,ziping,0.4679904851152869,0.01,8632,2026-06-03,0,-0.0064136059632113
2026-06-05,ziping,0.472805196483712,0.01,8633,2026-06-04,0,-0.0074042931345974
2026-06-08,ziping,0.5120847538329754,0.01,8634,2026-06-05,0,-0.0169817485555159
2026-06-09,ziping,0.5985612986889653,0.01,8635,2026-06-08,1,0.0128034029931265
2026-06-10,ziping,0.5295618436001054,0.01,8636,2026-06-09,0,-0.0041907406700845
2026-06-11,ziping,0.4437104349140652,0.01,8637,2026-06-10,0,-0.0015553840428766
2026-06-12,ziping,0.5076661503627228,0.01,8638,2026-06-11,1,0.0111607305214553
2026-06-15,ziping,0.5042246066915581,0.01,8639,2026-06-12,1,0.0161128092604438
2026-06-16,ziping,0.5709681748685153,0.01,8640,2026-06-15,0,-0.0011180352264094
2026-06-17,ziping,0.5208095660735472,0.01,8641,2026-06-16,1,0.0039551386009211
2026-06-18,ziping,0.4441006830944928,0.01,8642,2026-06-17,0,-0.0042830268962891
2026-06-22,ziping,0.5455053894191433,0.01,8643,2026-06-18,1,0.017752435471525
2026-06-23,ziping,0.560768313184034,0.01,8644,2026-06-22,0,-0.0136544980815963
2026-06-24,ziping,0.5648022160887693,0.01,8645,2026-06-23,1,0.001110745273305
2026-06-25,ziping,0.4739218942627801,0.01,8646,2026-06-24,1,0.0023031940397191
2026-06-26,ziping,0.535905676670655,0.01,8647,2026-06-25,0,-0.0225751593155904
2026-06-29,ziping,0.5940664082977112,0.01,8648,2026-06-26,1,0.0115803156732918
2026-06-30,ziping,0.5636812767308783,0.01,8649,2026-06-29,1,0.0050308033919324
2026-07-01,ziping,0.4984145586104861,0.01,8650,2026-06-30,1,0.0044079750937682
2026-07-02,ziping,0.4949281506171347,0.01,8651,2026-07-01,0,-0.0203141926518165
2026-07-03,ziping,0.5796418911944237,0.01,8652,2026-07-02,1,0.0036583150156965
2026-07-06,ziping,0.5431821074823808,0.01,8653,2026-07-03,0,-0.0005947607145339
2026-07-07,ziping,0.5299794729585935,0.01,8654,2026-07-06,0,-0.012620637537309
2026-07-08,ziping,0.5214934851200784,0.01,8655,2026-07-07,0,-0.0048505915065152
2026-07-09,ziping,0.4710286141551803,0.01,8656,2026-07-08,1,0.0165474655491981
2026-07-10,ziping,0.5574947190644367,0.01,8657,2026-07-09,0,-0.0100148937667159
2026-07-13,ziping,0.5596363399683666,0.01,8658,2026-07-10,0,-0.0206117770000314
2026-07-14,ziping,0.5655802429380044,0.01,8659,2026-07-13,1,0.0136266752925677
2026-07-15,ziping,0.5197035683893326,0.01,8660,2026-07-14,0,-0.0029109234241615
2026-07-16,ziping,0.4446062401845682,0.01,8661,2026-07-15,0,-0.0184966647099361
2026-07-17,ziping,0.5368491091976104,0.01,8662,2026-07-16,0,-0.0304599227336195
2026-07-20,ziping,0.5658546148193674,0.01,8663,2026-07-17,1,0.0085347176192265
2026-07-21,ziping,0.480665193446792,0.01,8664,2026-07-20,1,0.0179349210450965
2026-07-22,ziping,0.5149922272566867,0.01,8665,2026-07-21,1,0.0006901518411681
2026-07-23,ziping,0.4857922710223082,0.01,8666,2026-07-22,1,0.0025195020266177
2026-07-24,ziping,0.5153938426490668,0.01,8667,2026-07-23,0,-0.0161420169382969
2026-07-27,ziping,0.5395113437476923,0.01,8668,2026-07-24,1,0.0115481681863396
2026-07-28,ziping,0.5000931414086299,0.01,8669,2026-07-27,0,-0.0116451910130123
2026-07-29,ziping,0.5109751938060618,0.01,8670,2026-07-28,1,0.0039739701545769
2026-07-30,ziping,0.4786301570739532,0.01,8671,2026-07-29,0,-0.0062103154028411
2026-07-31,ziping,0.5092447491449638,0.01,8672,2026-07-30,1,0.0072460511268583
2026-08-03,ziping,0.5146522204417185,0.01,8673,2026-07-31,0,-0.0058970393986632
2026-08-04,ziping,0.5381660722652634,0.01,8674,2026-08-03,1,0.0033131539456376
2026-08-05,ziping,0.490109459338753,0.01,8675,2026-08-04,1,0.0146888575812635
2026-08-06,ziping,0.4906851610140617,0.01,8676,2026-08-05,1,0.0056522871368054
2026-08-07,ziping,0.5322717487239259,0.01,8677,2026-08-06,1,0.0101747226916955
2026-08-10,ziping,0.5470470769802434,0.01,8678,2026-08-07,1,0.0067402920327905
2026-08-11,ziping,0.5713005979146294,0.01,8679,2026-08-10,0,-0.0081936795144651
2026-08-12,ziping,0.5339393246904744,0.01,8680,2026-08-11,1,0.0031981958738647
2026-08-13,ziping,0.4884353523386356,0.01,8681,2026-08-12,0,-0.0049940772929111
2026-08-14,ziping,0.5081399418694683,0.01,8682,2026-08-13,1,5.373106202877232e-05
2026-08-17,ziping,0.5559765262896088,0.01,8683,2026-08-14,1,0.0141266905277481
