date,target,same_session_return,market_baseline_prob,rich_calendar_prob,cycle_prob,ziping_prob,qimen_prob,meihua_prob,liuyao_hash_prob
2025-01-02,0,-0.026613456858375684,0.4979385221687922,0.5213238527511016,0.5647952132595945,0.5015754270698578,0.5274624662589458,0.5493172992692923,0.5286358019847023
2025-01-03,0,-0.015672044139557917,0.5598226595686681,0.5964304778132836,0.6218854791202797,0.6038120972770608,0.6222051871206937,0.5776302086475528,0.5750970911223997
2025-01-06,0,-0.0014034246426046781,0.5239326386679423,0.5162849098115996,0.48285662298734383,0.5477923881870355,0.5143437954957754,0.5148295728131873,0.48397048033661705
2025-01-07,1,0.007084984578675568,0.4905867572846353,0.5176855361658738,0.4668116441521099,0.5149036148774975,0.500958661976307,0.5316116369724451,0.5041151753158752
2025-01-08,1,0.00016224698449751607,0.4799994212360942,0.4818806725036981,0.4646646525325984,0.5052088705628363,0.49036292707338,0.4394064792929032,0.46274628472366713
2025-01-09,0,-0.005812391182130505,0.459732611079891,0.46753041310182186,0.43289059304239863,0.46666616780173636,0.4861061292203747,0.4581712791753316,0.5079750976581698
2025-01-10,0,-0.01334903576111679,0.5235333399925418,0.5320914619580742,0.5147533353832358,0.5186042549693197,0.5321963054946792,0.5834245436224988,0.5671930506468318
2025-01-13,0,-0.00245193029940749,0.5235544358464455,0.5254265263788263,0.49104990006496946,0.535645154224462,0.5320444070436762,0.4985604496259302,0.5126338198150705
2025-01-14,1,0.025368938750393477,0.5079412027380944,0.5121539673492643,0.47434995584409445,0.497140347268086,0.4918069371127457,0.47398979392375995,0.5158819864825
2025-01-15,0,-0.0042651206131554265,0.5150830050583763,0.502318398740615,0.4655852564639087,0.4896278913529465,0.46643173457852094,0.5132825816737686,0.5330496803652207
2025-01-16,1,0.002762527667884429,0.4704250562379132,0.4684029348862794,0.41459959366206084,0.48039648878783403,0.5001621865742264,0.49068029940412183,0.45064615684357934
2025-01-17,1,0.0017889192690305755,0.5099339392979885,0.5021469178162514,0.4796474881184653,0.5018714635795833,0.48485339183991505,0.4953999338613495,0.5292600308722517
2025-01-20,1,0.0007887542217785981,0.5076319241296867,0.5143984236798574,0.5046602466698898,0.4954234407496011,0.5176633201143901,0.48029701235291883,0.49046113290212684
2025-01-21,0,-0.0005409357356017663,0.49450232643759595,0.527630331408269,0.5110728975977583,0.5303377653422713,0.5142233886881115,0.4949304929846476,0.5678177583333399
2025-01-22,0,-0.008943068620681505,0.48777032810910986,0.48755381606495973,0.4694574024164895,0.5109726429635606,0.4651911206416127,0.4953306747653608,0.5054820251653331
2025-01-23,1,0.005146837340024968,0.470222394742052,0.4636504554840943,0.44827878542863764,0.475482353618801,0.4731635827763493,0.48154146638545325,0.48646786551675186
2025-01-24,1,0.006953826493020232,0.5077503488813627,0.5265295787955666,0.4922575005753903,0.5150687888689646,0.49763797526775105,0.5494594664224629,0.5102299329923055
2025-01-27,0,-0.0006225738833791628,0.5234890083938132,0.5016451546476048,0.4755589207552122,0.5016275151538091,0.48372173149551884,0.4845306919171644,0.5329151065405355
2025-02-05,0,-0.006495106597210865,0.5037260804005129,0.5232760312462849,0.502839404557493,0.5367789076289378,0.4907566324310294,0.4882701684057736,0.5253943758894477
2025-02-06,1,0.01274846043707245,0.48678217093706444,0.5031376351092343,0.47979904845373555,0.4900086900347313,0.5138546048723613,0.5099201251727568,0.5258467666635301
2025-02-07,1,0.010092155739867659,0.5506974080711494,0.5996447965506606,0.598664612671351,0.6385639161887982,0.6077399240681309,0.6144391251278444,0.6330091989984996
2025-02-10,1,0.0056007460800377995,0.5797407162573814,0.6100554930651647,0.6090481354414709,0.6261087492571319,0.645068490879881,0.6359218215810335,0.5991493428007756
2025-02-11,0,-0.001238046216780031,0.5887270198203128,0.6175302581281892,0.6168725966309435,0.6356196501956316,0.6217388332931993,0.6010435788637719,0.619877665210786
2025-02-12,1,0.008537526630796322,0.5527677104971191,0.568417537729679,0.581330403518456,0.5730180458317908,0.5546143729654255,0.5946824953752736,0.5454472415494334
2025-02-13,0,-0.004154333706372748,0.5282480619109216,0.5414671376041319,0.5399925326875454,0.5508771587142252,0.5742838431239828,0.5273507562229288,0.5744480625763226
2025-02-14,1,0.004273390141825262,0.5709892289284569,0.5865652037334183,0.5731287651592399,0.5574003888750667,0.595822675640147,0.586571425555812,0.5962124405191508
2025-02-17,1,0.0027208697221521305,0.5762708998540078,0.5811372080383359,0.5848647665190265,0.591588038109577,0.5790363744438506,0.5746836479255119,0.582002858077606
2025-02-18,0,-0.009338673293939226,0.5769700726820229,0.6018180702957063,0.5967268337602992,0.6083415877152489,0.6293346752377386,0.6541707750129527,0.6057249363128769
2025-02-19,1,0.008135982320301105,0.5676526088367437,0.6041726650376631,0.5958552981416281,0.5991965759559268,0.5762208467315598,0.5782884210119253,0.6087156739966139
2025-02-20,0,-0.00022556801517159553,0.521386622822485,0.533367164459349,0.5209786880391506,0.5511148513209848,0.536852035110065,0.550396963139287,0.5235946773273067
2025-02-21,1,0.00845474028010762,0.5603092021146157,0.5974171299555278,0.596621641557904,0.6214690565796956,0.5940166898537168,0.576925023477703,0.579110004201033
2025-02-24,0,-0.0018007684265072266,0.5810192398605099,0.586396284618187,0.569611943536963,0.5987739002353091,0.6217199970456487,0.609624756950995,0.5795070030710796
2025-02-25,0,-0.008001119468916351,0.5831270670208907,0.5388312757990211,0.5211555866398769,0.5516729016035771,0.5548880294847977,0.532696337271382,0.5631136489981277
2025-02-26,1,0.010213267026096595,0.5651004812694451,0.5558230090015424,0.529782005340061,0.5414952106360846,0.5419275166053455,0.5779055972914894,0.5274863783583443
2025-02-27,1,0.0023217464929734533,0.5215218277696588,0.5160825278747116,0.4850235981624465,0.5394951969100454,0.5429124837736273,0.48695192021812,0.47901863698044966
2025-02-28,0,-0.01982401738811157,0.5697926485620308,0.546898343021557,0.5290700145822689,0.5530874653312142,0.5570430407261834,0.5639177492724302,0.5500585829209911
2025-03-03,0,-0.0011960623891676958,0.5741829235327771,0.6130234765427655,0.6179994672559267,0.6325122045116724,0.5919681094849873,0.6331489114584178,0.6000163047696115
2025-03-04,1,0.002196311342583801,0.5190088946192148,0.5712487012999854,0.5582261968622597,0.5866415316507089,0.5761264465541205,0.5423696572876328,0.5306909152852346
2025-03-05,1,0.0053411186417224865,0.4811735973806309,0.4950544621716074,0.5215813731832036,0.49379633740587114,0.4716928313034241,0.46221031096814186,0.5329920108751376
2025-03-06,1,0.011709578047645497,0.45995579945165,0.4684354872641113,0.465997950527504,0.4382468106447321,0.4909781778339702,0.43562091037047834,0.4650888837641165
2025-03-07,0,-0.0025293558483072687,0.5336783626944618,0.5741848336028158,0.5606826908956748,0.5756594697934073,0.5442913752664069,0.5822302078146149,0.5826728139613597
2025-03-10,0,-0.001892635415499111,0.5361280614308764,0.5498761664310511,0.5381504941542423,0.5178949171789673,0.5660732940170344,0.577969539694144,0.5670237212129077
2025-03-11,1,0.00405951821109074,0.5204964478997756,0.5325480863525077,0.5390681981187552,0.5099728476656494,0.5056170252635244,0.5613990803777477,0.5371970621845531
2025-03-12,0,-0.002338580543151947,0.4984667547048673,0.4933518870770489,0.477066945849249,0.47826658170432884,0.4829043598598641,0.47579720022934935,0.48802929539118184
2025-03-13,0,-0.003913196145583386,0.46042258432216576,0.4516587237784529,0.4498674087627556,0.44825495179197883,0.4384338827138215,0.4783798302325879,0.4549936698732865
2025-03-14,1,0.018111910785300056,0.5293240146850976,0.5211028894672213,0.5096264434214471,0.5010762872066682,0.5406019444394091,0.5097281783542246,0.5439239158359434
2025-03-17,1,0.0019204213873005305,0.5468267913439135,0.5582083561741885,0.5341180519793797,0.5583707722353568,0.5702880954305901,0.5208717193522079,0.5452845473963227
2025-03-18,1,0.0010595047647068423,0.5226821559451162,0.5544750585926783,0.5519373469278941,0.4906387380417452,0.5521858853064454,0.5479992351321038,0.5585366222335718
2025-03-19,0,-0.0009709136997672063,0.4951944618092942,0.5383649214001754,0.5675723683050793,0.5475827655624219,0.5437268785204098,0.5931932875599308,0.5653375282644135
2025-03-20,0,-0.005101812995395583,0.4610959005027726,0.4778483589182793,0.4708049953514367,0.44361206888445986,0.4686190600097568,0.4517491625323603,0.4521516093003359
2025-03-21,0,-0.012941529175569677,0.5138114434763926,0.5552678965764083,0.5804403011565831,0.5337643072518955,0.555717533756659,0.5734700088687137,0.5145182257972275
2025-03-24,1,0.0015445055041396483,0.5397651329040795,0.541484157350891,0.5598715267879755,0.5189397773679296,0.5467514692044178,0.5559409230338949,0.581844792909989
2025-03-25,0,-1.5430138859295894e-05,0.5152708674350279,0.46446590136476273,0.46647399250457483,0.44819402112165535,0.43087842736124443,0.4886261905775932,0.4618609565817784
2025-03-26,0,-0.0003795279254213968,0.48630459655526553,0.4700502605390531,0.47452324387072825,0.4362307479702092,0.44168114102455325,0.4640468837493815,0.45268088752249214
2025-03-27,1,0.0014996896426124895,0.4548163490419088,0.4420965819111677,0.4519012200859136,0.3984445645289736,0.44726181107631147,0.4653873458369205,0.4873260734787878
2025-03-28,0,-0.006651947136553482,0.5088939022187258,0.4775237348636726,0.497446363170496,0.4136205222469904,0.4561632027149959,0.4499729948875638,0.48099687695546695
2025-03-31,0,-0.004643263061247405,0.5287348198383296,0.5378798926046987,0.5517998421599867,0.5139157851673141,0.5805587297740219,0.5605298044296664,0.5372709105004014
2025-04-01,1,0.0038039467033761376,0.5362846951312207,0.6203683757999495,0.6415850726532708,0.6059402678824913,0.6412386469329059,0.593149204613226,0.5956067385592784
2025-04-02,1,0.0005053106899193249,0.4983659887403291,0.5640905481876634,0.5979779714723065,0.5624840769075168,0.5572045662465005,0.5306493636263666,0.570446015127261
2025-04-03,0,-0.002423490213953161,0.4600119274341779,0.5379549271350271,0.5759451301995877,0.5168020479958794,0.5723222220903822,0.5029890050156338,0.54669168242267
2025-04-07,0,-0.07343848369004502,0.5271385980205779,0.5653460211297263,0.5380488823475857,0.5187774187092915,0.5832430986130374,0.5927125203856989,0.5659828023636565
2025-04-08,1,0.01581521009011233,0.648419185404064,0.6600840961254417,0.6609048130795974,0.6809545862019736,0.6596624500367696,0.681994664591898,0.6445988042457973
2025-04-09,1,0.013117265062474015,0.4476730045287097,0.462900015399079,0.44104679299662913,0.4300027767915116,0.4521645961036346,0.4471585659470163,0.4682913419525631
2025-04-10,1,0.011556383970177109,0.4337914639882071,0.4452508367372058,0.42071165307383973,0.44678452386183143,0.4699365479189165,0.4731018938968703,0.4177529247493798
2025-04-11,1,0.0045256322204911825,0.4813128276020554,0.4908481456188402,0.49217885246130083,0.49589696144567647,0.46559366288626325,0.4794784867244318,0.4661527517130788
2025-04-14,1,0.007590882294539636,0.5034987699406203,0.4917310937474868,0.4901653605705807,0.4978221284700221,0.5091739606107096,0.45305291096361955,0.5361978138485493
2025-04-15,1,0.0014876756462531837,0.502925003322599,0.47180360023065093,0.4574983816241051,0.4708058888151337,0.43688038166553234,0.46475641280009183,0.46497307325926607
2025-04-16,1,0.0025528956177229833,0.4707444343041821,0.44832475683040646,0.45864694621132085,0.42878099558852273,0.449483106338867,0.505148857049954,0.45507487737183416
2025-04-17,1,0.0013238689574248674,0.4412909208219504,0.411851216086744,0.40120807309345946,0.36362877090615287,0.4085521164189491,0.3884004879633868,0.38619709379633943
2025-04-18,0,-0.0011008001911996246,0.49735864193467527,0.4873311196620371,0.4906381707101946,0.49425288803591805,0.5181670290002854,0.5055931168182719,0.46328885281054005
2025-04-21,1,0.004487400548717879,0.4927750316654182,0.48107349747280187,0.46817627912928067,0.4851073361174674,0.5183144772510744,0.49465714332929256,0.49643960911533347
2025-04-22,1,0.0025286850655368287,0.484008071275518,0.43678520372486007,0.43547329256579315,0.46691614741123705,0.4300987596136778,0.45897487724202723,0.43066808838312703
2025-04-23,0,-0.0010309850088960903,0.4634875538289764,0.4077622114147661,0.3989932230413714,0.4382206975051244,0.3931240035362143,0.4015799776041763,0.380831766275387
2025-04-24,1,0.00028303990316569383,0.43599401902187457,0.40552192459986586,0.39251081724198905,0.4314980912118684,0.43764152364636666,0.4276590694636882,0.4168899602507513
2025-04-25,0,-0.0006757068233045338,0.49204585232244397,0.41104378444383133,0.3973119739331566,0.40030381375135476,0.3954653719712474,0.38177171027060874,0.41697486905610975
2025-04-28,0,-0.0020166552354130562,0.48996773268415716,0.44430736147950356,0.4145500098603399,0.44905613143057366,0.4387942170649598,0.4390381303698864,0.4540887854503082
2025-04-29,0,-0.000535212252711359,0.5008000533375143,0.46464413687995937,0.4464664172493621,0.42619483991083024,0.4802202794771214,0.4872584579089837,0.4467915595720894
2025-04-30,0,-0.002319683690560792,0.47665455048809074,0.4554899733036533,0.4234485724892867,0.45496762187650897,0.45353784680302694,0.4260368124279763,0.4502848866473021
2025-05-06,1,0.011309133704438867,0.5049196543347366,0.4996364424088276,0.4952293031955331,0.5021410869097737,0.5116877014343241,0.5288831982744601,0.4951917401444815
2025-05-07,1,0.008006660808403954,0.4893607500505909,0.5182397039610113,0.4963360070631013,0.4907125852619404,0.5213450348789379,0.5457682353150753,0.5294126018774179
2025-05-08,1,0.002791485237078728,0.4581654802684023,0.46137159399369165,0.4741205925752196,0.4340503555716114,0.467610456328169,0.4440295604108889,0.45447172487109117
2025-05-09,0,-0.0029824021269716505,0.5671726948207605,0.5778926151473681,0.5830123765776554,0.5611043963244229,0.570531143168585,0.6054267031141286,0.5684041572257167
2025-05-12,1,0.008152605671037039,0.5547832140001847,0.5444370712673057,0.5425898899099623,0.558790821264425,0.5633127503595495,0.5609142408414852,0.5280317588694127
2025-05-13,1,0.0016698102987464658,0.5517694485884103,0.5383225271966137,0.5355134511813284,0.5688705613914414,0.5445675963260327,0.49814752990407507,0.5306842010211854
2025-05-14,1,0.008615736720010814,0.5197236397517919,0.5078438462154171,0.5018005452203897,0.5500910063209988,0.5186200402322534,0.5009737730974286,0.5011351892255947
2025-05-15,0,-0.006794169593660082,0.516527542169343,0.48735209686604763,0.48331064159413145,0.4976210279569811,0.4716066206074728,0.5434062078729163,0.4934222663531607
2025-05-16,0,-0.003951407069466284,0.5601041235622477,0.5421185500053091,0.5209021927728571,0.5439137606583749,0.5352549462195865,0.5169495501437681,0.560219656641602
2025-05-19,1,3.593210554431181e-05,0.541656207575535,0.5467358852429856,0.5540535854414093,0.5310618961138585,0.5802041429882729,0.5094672692249473,0.5097102820646173
2025-05-20,1,0.0038291558069987186,0.5292804823683884,0.5088292832883281,0.5379431386991346,0.5317890353822157,0.4890215682176594,0.5220698630015447,0.5078767554955586
2025-05-21,1,0.002099111427437128,0.510895303019125,0.516187551572557,0.5239962490274582,0.5165496063802549,0.5693240203234706,0.538985666211716,0.5058702100672778
2025-05-22,0,-0.00218002617802604,0.489643504798592,0.4612689787254528,0.4681821621352106,0.47560331866779937,0.46560893323161734,0.4536489886462555,0.45879663950344685
2025-05-23,0,-0.009412787273137657,0.5400705657199125,0.5052817213011426,0.514916051739116,0.5362578444613192,0.4909517905787987,0.5276755202539647,0.5220648697375563
2025-05-26,0,-0.0004578344341668039,0.5478844258600675,0.5518902251493207,0.5536471454561748,0.5645363759632653,0.5298713421446564,0.5163698002960403,0.5530200144251458
2025-05-27,0,-0.0018381523580907055,0.5199127640517226,0.5301011664278195,0.5342026917386877,0.5016951486861588,0.5130445131083519,0.5515249254119641,0.5207507527330599
2025-05-28,0,-0.00022600141827122666,0.49438545524178845,0.4877699372439057,0.49193738162322564,0.460541826878261,0.4750797932110953,0.45780095300095963,0.48167426054252754
2025-05-29,1,0.007040263095176913,0.46716627031298325,0.47130092871361506,0.46677853791793694,0.4545927919238538,0.47833559430100386,0.43681130096109166,0.45924831227263224
2025-05-30,0,-0.004744836099643046,0.5369040575271847,0.5559924670014084,0.5606178356772861,0.5678513768433311,0.5554190404272356,0.522171661994144,0.5423397732957659
2025-06-03,1,0.0043283215140192954,0.535213655434883,0.5598861092558471,0.578980387120431,0.6024387750670843,0.530212845353669,0.5875446197738596,0.5849108708981895
2025-06-04,1,0.004231737525788315,0.5098064816836756,0.5476257963738019,0.5465277755883822,0.5599261628487809,0.546060158887392,0.5757188191849653,0.5471970400030877
2025-06-05,1,0.002338721931116172,0.4756692144453765,0.47574759183382775,0.46996328223497036,0.47804564377482295,0.5145500436482884,0.4597770611876176,0.49301391685032964
2025-06-06,1,0.0003720340332833416,0.5280461450043453,0.5242887650749732,0.5020406346731786,0.48489019450804527,0.5105349245983654,0.5527941558226356,0.5552055130211524
2025-06-09,1,0.004257747629645037,0.5267536355799951,0.5295167532958689,0.5207532104297876,0.54905860495927,0.5553262450119415,0.5463481884281257,0.5253579298640532
2025-06-10,0,-0.00439911852912489,0.5370932824188555,0.5382302824564504,0.5452823606736188,0.5062605216312248,0.5421213168054682,0.49856337940440765,0.5738599520156764
2025-06-11,1,0.005170148096676375,0.5220110839634788,0.5210016669299955,0.520216298065985,0.5428754949260033,0.5229711189995622,0.5142846814431996,0.5108170121671498
2025-06-12,1,0.00010051976359637393,0.48505171646407247,0.4703792574649276,0.4835321719417214,0.5004018259776731,0.49063707967413933,0.5266817833065981,0.46280077903260414
2025-06-13,0,-0.007541751183927303,0.5242811069621643,0.5088473746280361,0.5080209988341479,0.5097602441670006,0.49293345224953233,0.4817831032699093,0.5209513776279125
2025-06-16,1,0.0034743896646605155,0.5506768747545291,0.5509739198320152,0.5330663498896212,0.5128447859282039,0.5421507559914166,0.5154978526558626,0.5414237399179419
2025-06-17,0,-0.0003907069582724798,0.5361140007716276,0.5323451736710064,0.5286409325333824,0.5679528212515008,0.5260772730239307,0.5471964670182031,0.5261945600419213
2025-06-18,1,0.00041447656834647795,0.49546829034030704,0.514055998648499,0.513861157968237,0.4421630433997115,0.4960854667499406,0.5369545559234224,0.5091516485800975
2025-06-19,0,-0.007879169348287252,0.46770600910040433,0.49845473225881476,0.5109174195998158,0.4755823044153453,0.5270386693042417,0.49141824735579953,0.46179359247878177
2025-06-20,0,-0.0006582179989459425,0.5367136443717703,0.5429636910555109,0.5513343166432035,0.5140789406477083,0.5496433534544686,0.5645870239115847,0.5000258926286899
2025-06-23,1,0.006454665994026554,0.515057911284195,0.4817459937120355,0.4885307624785477,0.47998651518946595,0.4708830436058943,0.44831288409839587,0.4862855764577755
2025-06-24,1,0.011528332005552366,0.5322291147797051,0.5248882922718597,0.5286891460138806,0.5431967858196051,0.5191967404977551,0.5328395471865386,0.512851683461807
2025-06-25,1,0.010351503230751957,0.525656360731461,0.46709318649339016,0.45898562591807907,0.4808270240052659,0.47068625763975425,0.4367638950504682,0.4756798042885959
2025-06-26,0,-0.002176231649890892,0.5125884151396013,0.48878233736412346,0.4628382815408447,0.45077176724971674,0.4867432089333805,0.45537434599735493,0.44611319973425306
2025-06-27,0,-0.007025179116548763,0.5539466616501043,0.5365267055160449,0.5065325027481895,0.5720540232127199,0.5319207214688244,0.5041730520902404,0.5540352301309662
2025-06-30,1,0.005898849579773824,0.5515855268275254,0.5561919408615615,0.5466873175086657,0.525409553668596,0.5509128268687351,0.5784945693459187,0.5746147928654948
2025-07-01,1,0.003867407806119161,0.541231509116546,0.5654859865336309,0.5605879035788277,0.5882979059690828,0.5659326102655261,0.5957760977795357,0.5748546484014057
2025-07-02,0,-0.0008546027225242447,0.5088037603736913,0.5147731025949085,0.49178572224957073,0.5528748473144723,0.5362612144281946,0.5440178589314165,0.5490906156553679
2025-07-03,1,0.0018406317949097861,0.48324689290196515,0.5015257918262909,0.5287777811611208,0.5020129568357423,0.4832180821620956,0.4838239898674444,0.5236275065687013
2025-07-04,1,0.0032266722832954287,0.5319322796428192,0.5644489186593219,0.5688600142848526,0.5846977826697338,0.5557521431687812,0.5914115346425366,0.5747061213150921
2025-07-07,1,0.00023269751425480933,0.538460781840194,0.5747783419499959,0.6208422308309189,0.6239695822203486,0.5798455968314931,0.5902281497920728,0.569963210940852
2025-07-08,1,0.007010397258723877,0.5346098203814652,0.5473680407575869,0.5902594855147946,0.5078786405467635,0.5824695204962425,0.5075129986129724,0.5352148520943487
2025-07-09,0,-0.0012651984646064873,0.5246327300690672,0.5432751336380084,0.601315752219764,0.5418840888631629,0.5151094797418204,0.535514159364782,0.5452191275887965
2025-07-10,1,0.004761454888993821,0.49318911443611835,0.5112256756191286,0.5481237178867646,0.4889865543871475,0.5095745056923789,0.5658953151739109,0.49918452148311593
2025-07-11,1,0.00014103841886536905,0.5526941478478787,0.5682589372117092,0.601780835993778,0.5672877896156479,0.5880842316467091,0.5427239479090998,0.5666735777565417
2025-07-14,1,0.002698724309343925,0.552471054258896,0.5555262599695171,0.5798428684559165,0.5522616223595119,0.5443376631506547,0.5197865172773302,0.5604094127787211
2025-07-15,0,-0.004162629806941154,0.5546555830785658,0.5429412273767787,0.5584926856169784,0.5554054420693916,0.5805818890419105,0.5563696253458729,0.5036600334946107
2025-07-16,0,-0.00034864489262331766,0.5311312446172971,0.5291130573829893,0.5645022467820788,0.4910819906271999,0.5432164226978213,0.5525241751498999,0.5281547218721327
2025-07-17,1,0.0037242666984800277,0.4844172826125014,0.4771003841939086,0.5450485995798683,0.5282053669166736,0.4777376570852844,0.4713576064734989,0.4736261853876141
2025-07-18,1,0.005020720388213773,0.5374329332775561,0.5512658840319781,0.5812864353522905,0.5126880322393452,0.5786178744806251,0.572862966063245,0.554055929794655
2025-07-21,1,0.007160311706124967,0.5432315947051757,0.5591281765639159,0.6152675068048681,0.5582823820567251,0.5435790527293901,0.5248897980191713,0.5580148196541905
2025-07-22,1,0.006199802179397418,0.5577123947880276,0.537963313292781,0.5954244832603504,0.5558525070084216,0.5361735272468329,0.5452631283155756,0.5365624133229957
2025-07-23,1,0.0001220036176725614,0.5460198287428192,0.5172011162572463,0.5445712521696252,0.5462129849269638,0.5067521609704992,0.535232171476915,0.5306896337956485
2025-07-24,1,0.006540215247307746,0.5047562257811083,0.5020747082537902,0.5319351786279289,0.49788385253465894,0.49652723526917725,0.5247729712898301,0.5022211279873847
2025-07-25,0,-0.0033480072118603488,0.5674948853624426,0.5152828646225583,0.5507815327827177,0.5229384576512726,0.5155710966183501,0.48532621157870537,0.5192386336260935
2025-07-28,1,0.0011915445416990078,0.5625041181156538,0.5473426699263452,0.5645055760749631,0.5076716045529927,0.49189521781569073,0.5567631546638129,0.5641937443764481
2025-07-29,1,0.0032724308402287683,0.5509043838210946,0.5464597620061216,0.5748094704277215,0.545656552223944,0.572462516009919,0.5638564296882198,0.5733984515380169
2025-07-30,1,0.001663845111146145,0.5226876380171267,0.5334204673043079,0.5566842523664206,0.5142316274438203,0.5405416091810861,0.5549565904730372,0.5321253854421817
2025-07-31,0,-0.011756727642124654,0.49316598208930945,0.4948760307874096,0.5369418890788518,0.5056168752970274,0.4817720699448479,0.5258477252332336,0.5350632094064032
2025-08-01,0,-0.0037098316134968057,0.5660250081203697,0.6176343650864349,0.6534305437042662,0.6359104811100018,0.6450266847249589,0.6470473493794215,0.5953704576137364
2025-08-04,1,0.0065610435196878925,0.5405263404164983,0.5885656408055826,0.6064082941123106,0.602296996631061,0.5667807477586911,0.577414422170495,0.5840164890969044
2025-08-05,1,0.009569088236599077,0.5346990350921496,0.5444209812156814,0.5577323137541862,0.5054380984198694,0.5249150688856353,0.5458621325995304,0.5502727232494066
2025-08-06,1,0.0045325655310513024,0.5123858560742575,0.5168395278082711,0.5544946942782555,0.573835845646264,0.5133382398908869,0.5331303741347482,0.5354464319828911
2025-08-07,1,0.0015608166769629506,0.4892164462387282,0.5274646114536208,0.5539892267860191,0.4883606440462294,0.5256265096300854,0.48762015475774473,0.5068882460884174
2025-08-08,0,-0.001247092110349568,0.5392090075825672,0.5515325826014466,0.5371194303190518,0.5596010460693093,0.532378843250762,0.5439478868009914,0.5697644955337361
2025-08-11,1,0.003416385887924589,0.5395838825636485,0.541201933035627,0.5601310275537369,0.589228642397656,0.5274744966965539,0.5573471337228133,0.5311352159922926
2025-08-12,1,0.005036535512770612,0.5396035865280087,0.524851716331207,0.5215091142300822,0.552661865572157,0.5427255208165747,0.5020020462486302,0.5219129718236438
2025-08-13,1,0.004786522775468427,0.5240179250324841,0.5059778883082671,0.49046694548283826,0.5170994139798101,0.5111439439537542,0.4678316605522357,0.4838806478393363
2025-08-14,0,-0.004621192274122277,0.49830404143981527,0.48094300255551825,0.4778002478955356,0.4890308123065668,0.4657840918754249,0.4953004600109777,0.48505888410940173
2025-08-15,1,0.0082717773056884,0.55175273718329,0.5185342593762412,0.5027891165510912,0.5147793410772123,0.503384550920204,0.542040299898941,0.5303872647438442
2025-08-18,1,0.008454946221986726,0.5559472964017278,0.5675101349333692,0.5652224013632354,0.5854843634223222,0.5442397458473527,0.5387317394314278,0.5472378785827898
2025-08-19,0,-0.00019822817806847137,0.5572727879675128,0.5784171062363411,0.5834792916082583,0.5699080092208867,0.5766296749063223,0.5463615402666148,0.5956260626188887
2025-08-20,1,0.010442445016322965,0.5296961614505645,0.525655210303102,0.541735903028377,0.531092195171385,0.5419153053136815,0.49298595473974505,0.5165618217495681
2025-08-21,1,0.0012981219847008063,0.5193601131007513,0.5398317839522659,0.5485519446041102,0.5875263521327327,0.5481879060506647,0.5492735861978116,0.5424716089512281
2025-08-22,1,0.014494448435323548,0.5501808050725724,0.5367948833844373,0.5502772707601883,0.5549415523942027,0.5219169824967346,0.5554716843494866,0.5436490213062114
2025-08-25,1,0.015108897345598615,0.5773112628727951,0.5242439679343877,0.5205931270110314,0.5220618391374096,0.5008784456361229,0.5319453727773634,0.5590567765787784
2025-08-26,0,-0.003908782710305592,0.582579351393406,0.5627447712993447,0.5542949221286021,0.5933865392769128,0.5829040334709086,0.5802976142402958,0.5448386203749462
2025-08-27,0,-0.017586680943092015,0.5537673806186787,0.5387055979612715,0.5348804549640311,0.5245868549579651,0.5187378051317865,0.5611818780768475,0.5122662851535055
2025-08-28,1,0.011379741339613503,0.5292968854923358,0.4977624516859904,0.48303200735997487,0.5052830520834249,0.5337600555917934,0.5308519293336825,0.5157408191272153
2025-08-29,1,0.003728278484971259,0.5576178785489513,0.5356274039272714,0.5349512920805091,0.5276898436570812,0.5359992914860403,0.5676288672770072,0.5251776966537818
2025-09-01,1,0.004562813137729105,0.5356186023842531,0.5855097067679649,0.6246219570267879,0.6043382042209422,0.6091265312089147,0.5761424511453637,0.6076020401224334
2025-09-02,0,-0.004488934416712165,0.5440805050921396,0.574156550913493,0.5924445831665506,0.5834815100544093,0.585902788882881,0.575444186952033,0.5988593949590969
2025-09-03,0,-0.011553774843946596,0.5231492248129639,0.5653170373563207,0.5728038516575441,0.5740045471416825,0.5852396945619661,0.580394001949421,0.5815245876465392
2025-09-04,0,-0.012503025390730893,0.4920526743534163,0.5483511590214684,0.5496153623398197,0.5464235239936541,0.5581244820280082,0.5088426125537371,0.5465886523977483
2025-09-05,1,0.01238436953314448,0.5354757610520396,0.5524556278553753,0.5841827702986293,0.5845171902406344,0.5698337919588075,0.5454779541185473,0.5910545731320401
2025-09-08,1,0.003757887839887175,0.5287132242030513,0.5347485727693768,0.5093025058652881,0.4698262622922077,0.5479378893122604,0.5497268670885268,0.5415409803212209
2025-09-09,0,-0.005108390967902721,0.5221677720746493,0.5337056455588162,0.5154967351441123,0.5652358825401889,0.5220888673373625,0.5107618091589882,0.5200532899393857
2025-09-10,1,0.00129462095368571,0.5037849175819891,0.5150767654493846,0.4902352557368603,0.5369105498826596,0.5100743319172452,0.47621164961514384,0.5292317210857311
2025-09-11,1,0.016548883183844953,0.4494181166301364,0.4581796681080794,0.43237947832158263,0.49991369106778905,0.4795846287881116,0.47122383209569046,0.44998981928418036
2025-09-12,0,-0.0012156449975989636,0.5288368047482361,0.520521096438642,0.4877180852593812,0.5263520288320638,0.48360617154750934,0.5428999402543345,0.5238342165563904
2025-09-15,0,-0.0026078657613113343,0.5203947209677982,0.48443067651352606,0.48529322313003964,0.5064914761405124,0.5063100864155324,0.45442261330220085,0.4755872680218886
2025-09-16,1,0.00035254464183953615,0.5231955950454112,0.4965463807229252,0.4675986890597074,0.4802043984785591,0.4897425302898363,0.4634815447605702,0.4721178445957047
2025-09-17,1,0.0037484479649081415,0.48615413323570955,0.4525191554255091,0.4447049464759916,0.48182157563657874,0.44524941276723884,0.4208265366085359,0.4892143484087169
2025-09-18,0,-0.011527623601741976,0.4564395618895546,0.44286184004546586,0.4270954963528932,0.3787230316369117,0.4310577514543942,0.4515222424470031,0.44725537888927935
2025-09-19,0,-0.0030187991823901195,0.5348101694513638,0.5311141924212218,0.5246308101572025,0.5625858469957672,0.5388678629639048,0.5493112323814179,0.548030647960788
2025-09-22,1,0.0022216759871300784,0.5136663303189519,0.48305694663327825,0.47200208421911877,0.48913850217239807,0.46610581678376145,0.44857761934005236,0.4663363226223077
2025-09-23,0,-0.001761229240323292,0.4943129848469675,0.4567922308515298,0.44814997527805145,0.4333630316175985,0.4592587759898517,0.4648412372112818,0.47821099335445716
2025-09-24,1,0.008322969632634347,0.4762961714076083,0.4633531772770233,0.45535978244653547,0.47532800626605043,0.4561873184263292,0.48052028033644695,0.46680165264039397
2025-09-25,0,-8.822822670073727e-05,0.47156327804291037,0.4094682361211048,0.40268928167604356,0.4293316987479502,0.41046269542292024,0.4292002496486662,0.4262549571747818
2025-09-26,0,-0.006538807495493404,0.5061122983324812,0.4786871072542193,0.45719602902738843,0.47499899516782623,0.42448983389399936,0.5089996547732902,0.47125986354159366
2025-09-29,1,0.00899295892015517,0.5174625503837594,0.49128919590797776,0.47935519437587526,0.47999213634842847,0.4792777934222935,0.519463847279923,0.5044415287255775
2025-09-30,1,0.005241380524484862,0.516400931044418,0.5045295315108953,0.4941608144668064,0.5242906013829124,0.5365498269134741,0.4936389930150744,0.4703648513329485
2025-10-09,1,0.0131851507310361,0.4607524057399017,0.4969400555864096,0.5194661855601164,0.5111441266000711,0.5078783288446104,0.46069451330410544,0.5196176980760122
2025-10-10,0,-0.009391017526306888,0.5437712199586595,0.5770061112842535,0.610054607912144,0.590017589556203,0.5778965052315037,0.5895632730489553,0.5828414372921852
2025-10-13,0,-0.0019312152748196532,0.559927561849931,0.537935908428421,0.5515043251703149,0.5531272870346292,0.5465033136235427,0.5590963045882963,0.5400938998260421
2025-10-14,0,-0.006240644689217367,0.5565095231922781,0.5352245347778523,0.5272952495680674,0.5517157492453132,0.5373288174049713,0.5060780126052633,0.5361340780938293
2025-10-15,1,0.012154777892849467,0.505517241587716,0.46946413977593027,0.4760788146913078,0.48259451112037205,0.4583345342148924,0.4364753744339347,0.48615184300444153
2025-10-16,1,0.0010270409819512771,0.48037414934464,0.4539053154280449,0.45869554711648935,0.4401201209854096,0.4745758813144666,0.42178039288834834,0.469421630295148
2025-10-17,0,-0.019527208323927958,0.5208094335646655,0.48886483886112103,0.5069448477574239,0.48968742042147106,0.46173965584754345,0.4983971120991068,0.4959958238197657
2025-10-20,1,0.006286338581497963,0.5474610810301695,0.5396261521127859,0.5659098968678531,0.5528201488917072,0.5587602021520195,0.5674729956757978,0.5348931412731174
2025-10-21,1,0.013571545588865863,0.4979646896423745,0.5152635573756826,0.5464839241659464,0.5154811103940853,0.5049090602049919,0.5221508409558206,0.5219949475233253
2025-10-22,0,-0.0006572476490757095,0.48953728248353673,0.4717885635857258,0.4997325112768064,0.4938862041564165,0.47476985291980417,0.486858360523629,0.4332722558230264
2025-10-23,1,0.0022106629996030414,0.4613140801646302,0.4361363502964898,0.4623223872583393,0.4372580622789947,0.42540157094403597,0.45674313686143025,0.4522393836302356
2025-10-24,1,0.007113483802050347,0.5190859466764347,0.5200054785327726,0.5236444550372757,0.5369351281914996,0.5134817757656609,0.5494880374945048,0.5205283861404303
2025-10-27,1,0.011804890347901775,0.5249836993166738,0.525318256938675,0.5177375940440038,0.5236300436537734,0.5042724512739315,0.5529633264969375,0.5475390147275827
2025-10-28,0,-0.0021819164386800427,0.5395137487905867,0.521308503543709,0.5286882583582369,0.48021528376533484,0.5212292722699396,0.5109578365160987,0.5050647371961987
2025-10-29,1,0.0070474978336221294,0.511464102924981,0.5042846308026276,0.5233293204156206,0.5157982864245693,0.5125801378291928,0.5045147721364639,0.48275089190100845
2025-10-30,0,-0.007327583309244212,0.48614252652067885,0.494133059934025,0.4942879270468444,0.5152216231651271,0.5044250355611982,0.5106420636939645,0.48107118930378645
2025-10-31,0,-0.008054125246651389,0.5405902206776608,0.5403036460110245,0.5859653304025397,0.5380984752955681,0.5269658001774192,0.5008034555653285,0.5438970919648363
2025-11-03,1,0.005494855605481019,0.5486356389345373,0.577989089563515,0.5674244093855987,0.5898183833340664,0.5870335689965812,0.549796152512885,0.6003272442839555
2025-11-04,0,-0.004107862123700623,0.5436777388507871,0.5853330155363028,0.6149057475561381,0.5913491830128182,0.5759965397898223,0.6010379902236223,0.5607231653135968
2025-11-05,1,0.0022882763587366295,0.5169990255968592,0.5210413403083793,0.5440459880274796,0.5017459473819655,0.5389200313654479,0.4987977715347771,0.5481689138950934
2025-11-06,1,0.009702593539128834,0.4936691206378514,0.49230526481545295,0.5336226261884681,0.485738608028902,0.5015210722452074,0.45609180680785416,0.5432367240612193
2025-11-07,0,-0.0025460606423538534,0.5442832285984976,0.5773493458095835,0.5958523470593038,0.531952365532034,0.5651687190907891,0.5901745854307046,0.5715510897261806
2025-11-10,1,0.005263465977712434,0.5454764571203258,0.5596342164672821,0.5264143778991953,0.5485668631350229,0.5410950431409732,0.5799117767069952,0.5566877434329172
2025-11-11,0,-0.003941425328292558,0.5530816872268491,0.5641170691072256,0.5245956028971649,0.6031298888864284,0.5608292474148746,0.5339393962099319,0.5374015449880057
2025-11-12,0,-0.0006540490331915505,0.5221778959023804,0.5190562260564475,0.4641558886680835,0.5305044951902983,0.5358878617679362,0.4842214267022821,0.49832229435481745
2025-11-13,1,0.007339993100241582,0.48359996308951236,0.4775942329122824,0.4439178772529348,0.4764230129183953,0.47988549593412094,0.44231579231772916,0.46650159143201514
2025-11-14,0,-0.00968085130143903,0.5487713885350838,0.5437923555426861,0.5409746614961722,0.5383635681216646,0.541301194496937,0.5517058458146937,0.5510105918360262
2025-11-17,0,-0.0046252442054764975,0.5684220286012028,0.5527632979171955,0.5305061134013875,0.5326025196802254,0.5340474286498404,0.5827900252596578,0.5675196525942383
2025-11-18,0,-0.008112214519761185,0.546729888313124,0.5521909950802866,0.5294470050467546,0.5523529317730633,0.5514527957561414,0.5807635595398951,0.5380767053433357
2025-11-19,1,0.0017587129135316903,0.5186523292800282,0.5351044438250506,0.5251545107187867,0.5572057121256923,0.554871717034496,0.5175922096999781,0.5645799564433959
2025-11-20,0,-0.0039756842479189425,0.46029158792714764,0.4527356994791756,0.4355978850778997,0.44105638967401,0.44097049366412544,0.4682195270305426,0.4392853788287364
2025-11-21,0,-0.024461651604112955,0.5213004191590239,0.5392490313677417,0.5241111989009248,0.5809204898623319,0.5431424588519301,0.5594002357146207,0.5524763440849513
2025-11-24,1,0.0004889317584255704,0.5745490852281027,0.5725142846464287,0.5638297481551309,0.569855581276059,0.5848316493490854,0.5549770301614045,0.6041416019650453
2025-11-25,1,0.008667977145335515,0.4970972502953054,0.4467729142426051,0.42638562092213245,0.43842561081790804,0.48754324455123826,0.4735379291635677,0.45908086555839095
2025-11-26,0,-0.0015087765628266636,0.4757985945177221,0.46001612790251895,0.44167110106894486,0.484467792402384,0.4385401744367319,0.4466792615154949,0.46359680021488486
2025-11-27,1,0.002866064348902686,0.4506161980505683,0.438958244925477,0.4170585398861067,0.4190699789523629,0.4390234075633515,0.4384054328759009,0.4515905811666554
2025-11-28,1,0.003441576421085557,0.5136889108507118,0.4845031324513395,0.47472982936423763,0.49613950805776375,0.5026154629274624,0.5009711766937056,0.5158189097519386
2025-12-01,1,0.006534492140608084,0.5041943510613714,0.5430142755170367,0.516224343465504,0.5857655380706803,0.5238406635103371,0.5964955346262129,0.5586306116480884
2025-12-02,0,-0.004162998217171809,0.5120869626044963,0.5298994824897822,0.49726937922360054,0.5417206680359897,0.5617952953345604,0.50203380143597,0.5348516768762679
2025-12-03,0,-0.00505732593890984,0.49150559942193134,0.5229313353086072,0.4853061839823884,0.5233875377485363,0.5358661971405061,0.537081520483331,0.5415190688309303
2025-12-04,0,-0.0005691077875192851,0.45630530492460897,0.5005282570064931,0.49649999825058844,0.49925755431858054,0.489979064178455,0.47661667313926953,0.48499283263224074
2025-12-05,1,0.006970186488287622,0.49297121200828214,0.4988923770920768,0.48300512997352607,0.4887526783331529,0.5194205806500278,0.46295228542775546,0.4958168595458699
2025-12-08,1,0.005449922209854963,0.5029763288071606,0.49732112041697907,0.4743334922179712,0.47988665942515885,0.4849677493304003,0.48860476603073605,0.4738037332634751
2025-12-09,0,-0.003709406387946479,0.5130684480244316,0.5126849434907532,0.5022433168531758,0.505055775136447,0.5175549358153219,0.5345013500534489,0.5172374619163902
2025-12-10,0,-0.0023087221404559655,0.497089374334638,0.4963397696706594,0.4733009585716438,0.4767553992689836,0.5021099932018691,0.46388617489983236,0.4916418401448652
2025-12-11,0,-0.0069678317834449555,0.4591731271592475,0.4566145979551025,0.4143325847627447,0.4810588640503834,0.4305862792789401,0.42221828925732263,0.46645304419013023
2025-12-12,1,0.00413805424703062,0.5098614574624686,0.49255060806315687,0.464426725036255,0.535354557018497,0.4728946988074316,0.4579647157277247,0.4700343240041628
2025-12-15,0,-0.005508638213211237,0.5160544892345497,0.47794084111519775,0.4381043420096244,0.4816829759072163,0.4097400443804272,0.49801532172552815,0.4806197107339328
2025-12-16,0,-0.011145263825191876,0.5283487406316641,0.5005373712164314,0.47399924425446893,0.5020016791129467,0.5314266557979048,0.5303536337806397,0.5017610527912449
2025-12-17,1,0.01188712020355509,0.5054112749243843,0.47207390766407203,0.44209223157735783,0.460950391736522,0.4833306204970457,0.5015271571122341,0.4817516064790191
2025-12-18,1,0.0015743055150043705,0.46556382346075925,0.4522988769317265,0.4443955073313024,0.4390812003335599,0.45217630695787997,0.43524812121546863,0.4664694057993495
2025-12-19,1,0.0036314893491875555,0.5020186695506768,0.5012296524185559,0.48481095186760165,0.496240736250275,0.5364107271604446,0.5286951203580466,0.49924435111562565
2025-12-22,1,0.006918483424017019,0.527207470407692,0.5332048349290903,0.5329395036771594,0.5641240795189025,0.5276153489115114,0.5621051924861875,0.5357161572724538
2025-12-23,1,0.0006675407238132536,0.5368667056298806,0.5348408121638198,0.5176978022431535,0.46598526991446265,0.5157238781864061,0.5192946000177621,0.5518661733738014
2025-12-24,1,0.005349008247238052,0.5031771194927795,0.5274347834986686,0.5062920003801253,0.5372498549690117,0.542574666238333,0.5561460229892363,0.5386409130451457
2025-12-25,1,0.004738454995715458,0.47785679730128505,0.45353224349861676,0.447331502170757,0.4562942698261571,0.4875048324029095,0.4412676331895586,0.44735053185839224
2025-12-26,1,0.0010248455597139383,0.5228917791674917,0.5344592176486805,0.5062345932320468,0.5356503391992101,0.516060072018179,0.5344488959822444,0.5575222833715195
2025-12-29,1,0.00040391767345449026,0.5332354217870986,0.5281916691687152,0.5177360517111209,0.5346666644880328,0.5554275079381967,0.5199323152570904,0.5274244798688534
2025-12-30,0,-4.1358996086038324e-05,0.5359283129252642,0.5466155967407592,0.5744652338331913,0.5703150459351984,0.5340523739004834,0.6011079005195005,0.5360438159429993
2025-12-31,1,0.000939190681937152,0.5049075472266773,0.5085136743659129,0.5144815149822537,0.5238679066531525,0.5376095403772889,0.4808800026030509,0.4844863130179392
2026-01-05,1,0.013751373197206096,0.5385318445298606,0.5327654104859676,0.5637944836938353,0.5411290085215112,0.5112128940647396,0.554853525042129,0.539431671732027
2026-01-06,1,0.014974833580511326,0.5700770544343673,0.5578342292880836,0.5428157196855001,0.5284401395963617,0.5273892583597458,0.5504024200734359,0.5866595584602672
2026-01-07,1,0.0005154680829755343,0.5668916609687872,0.5877595839278527,0.5797246171048298,0.6015285759662907,0.5967168954099383,0.6078414177863636,0.5873344525389141
2026-01-08,0,-0.0006835917422705062,0.5204697336581544,0.5182459739061399,0.5056518579818889,0.4905296691258108,0.5254682602146409,0.4874926443551015,0.5191882555237191
2026-01-09,1,0.009171489738252436,0.566217933226493,0.5720686354496575,0.5486973522511046,0.5730253113636697,0.5530157473745061,0.5386479255749496,0.5877225361596243
2026-01-12,1,0.010887466490115294,0.5740404649021076,0.5738439250064951,0.5574729644142807,0.5221213814619877,0.5565579954263049,0.5894678370851079,0.5578160779431528
2026-01-13,0,-0.006368828846607721,0.5855540225066221,0.5832975231535155,0.6055117999146316,0.575655826783135,0.5493220289633706,0.6019831401140546,0.5898882018310305
2026-01-14,0,-0.0030603376519386938,0.5635642758907502,0.5646765742796698,0.5509255676853276,0.522264406739173,0.5669809595171464,0.5938872204044385,0.5726877556129746
2026-01-15,0,-0.0032699214486925365,0.5244340327386006,0.5106851274608365,0.5190825256620911,0.4927872977018347,0.5103850908668109,0.54025405288889,0.5102887557943404
2026-01-16,0,-0.0025988419494135107,0.5719900003316701,0.5695725675455084,0.5693354116392723,0.5423166688714901,0.5693216090182738,0.5541151193562736,0.5478925826354131
2026-01-19,1,0.0029466739055656888,0.5516522110898724,0.5824948936514844,0.5845901454127894,0.5882122492952816,0.5997364076996768,0.6130890882874848,0.6208971297186126
2026-01-20,0,-8.531842489056807e-05,0.568085070809766,0.5740556576050555,0.5764659297284448,0.5595887158467976,0.5824980062720285,0.6040407577499373,0.6096597861769167
2026-01-21,1,0.00080001964192844,0.5371345038409604,0.5691332947615948,0.5730358885485732,0.5550124852986306,0.5799273484573879,0.5547718989350232,0.5844754173866464
2026-01-22,1,0.0013689779302104021,0.5094681205576372,0.5087976404172991,0.5141306295634479,0.45884316463366315,0.49272854147367096,0.5381916578335576,0.5051881423282006
2026-01-23,1,0.003295997454018984,0.5529627578393334,0.5456451966079322,0.5508997988605884,0.536425481358783,0.5550698062684901,0.5365432394568611,0.5497767110507734
2026-01-26,0,-0.0008604591113892113,0.5603009515610623,0.5336685846853235,0.522289921420773,0.5083661696428395,0.5587119029282496,0.493172026310607,0.5549250882249873
2026-01-27,1,0.0017661983180103924,0.564237717667425,0.5423740629876125,0.5431011149215307,0.5364471092201963,0.5389729108278246,0.5344764952946255,0.5751555379076532
2026-01-28,1,0.0027377446433540786,0.543594462204624,0.5052304021895389,0.5177579281932602,0.48331194332291233,0.5423093520139526,0.5613325835079641,0.5324153799900944
2026-01-29,1,0.0016252982845115227,0.5032344794436358,0.4759185844956251,0.48139939152415234,0.48227747481638356,0.4780486939984312,0.4494688232159675,0.474814070665264
2026-01-30,0,-0.009628942865354095,0.5571462805538739,0.5460054034737755,0.5318207335615465,0.534612100569152,0.5587328171001005,0.5638877798430499,0.547169199241501
2026-02-02,0,-0.02481867182392794,0.5944949534543643,0.6247703594185019,0.621464763148153,0.633970476598322,0.6316526850520924,0.6366353831446637,0.6069009389325376
2026-02-03,1,0.012947034000656332,0.5948527979818297,0.6394772107347858,0.6259062824545931,0.6013211496511054,0.6126516296794199,0.6573574620375584,0.5984871387596995
2026-02-04,1,0.008472522074922217,0.5060588077395489,0.5665865862183139,0.5587289806381704,0.6008022572052962,0.5640029461638062,0.5576765487768424,0.5499324375809845
2026-02-05,0,-0.0064075342949957426,0.4805197051290018,0.5018989603754563,0.5181824506097166,0.5032006008447295,0.5393942265538622,0.5234989150314091,0.5106007972246087
2026-02-06,0,-0.0025353803818870535,0.5478498124426886,0.5662141094673351,0.5768780097372299,0.5861581354793989,0.5697820618823377,0.5346174535095225,0.5422636279410712
2026-02-09,1,0.0141448348244273,0.5423331655469366,0.5793004291553052,0.5701346584490755,0.5626174506232854,0.5889209888602703,0.5838782286326476,0.5538473614719882
2026-02-10,1,0.0012813205629755853,0.5326576284633945,0.5686856503654608,0.572725783957286,0.5814778503983793,0.5589935900086523,0.5814486873225322,0.5637857178865799
2026-02-11,1,0.0008749209434322225,0.5082969308203752,0.5424886210034313,0.5257929485121106,0.5256583458717597,0.5265928152388415,0.5608913248545516,0.5455622889654336
2026-02-12,1,0.0004920153388747739,0.4854499828252904,0.5045874395527047,0.5105394294336084,0.5192710741126016,0.5023350522421078,0.5323920570320636,0.4802772844499756
2026-02-13,0,-0.012565257335599433,0.5332215161237248,0.5500795886782899,0.5470634194189189,0.6101427231834206,0.5791890194365591,0.5762356325852199,0.5821138416556733
2026-02-24,1,0.008656386105784897,0.5561643733870016,0.5648885925226229,0.5352392622359265,0.5992913448454833,0.5777991610096507,0.5721788664011347,0.5470472751713089
2026-02-25,1,0.007242904457633426,0.4986536379800128,0.45605926153925047,0.4418286206146119,0.4633989022304448,0.44569996192023004,0.4723664282944647,0.4674079845358678
2026-02-26,0,-0.00014467484449254275,0.4903099900440478,0.4804077000052272,0.47700680267853746,0.4999460831767019,0.4588389262992937,0.50221599437404,0.4673637658346543
2026-02-27,1,0.003919085156118163,0.5456983736677545,0.5405790074791834,0.5280718430503519,0.5665522860584916,0.5473905163779247,0.5721147974072417,0.5653268396447497
2026-03-02,1,0.0047344604050754135,0.5265398004695201,0.5528544759548331,0.5564364436946319,0.5545957121116016,0.5490212051535234,0.5816340470744835,0.5785455369997073
2026-03-03,0,-0.014324852704938107,0.5313820372877154,0.5678460493131492,0.5516028371624264,0.549550364175533,0.5389729280267453,0.5568300610733585,0.5491473247138245
2026-03-04,0,-0.009751433292356726,0.5278171745641396,0.5776557065855271,0.5910615660080722,0.5910754829347621,0.5980222527235391,0.578941875778346,0.5672936402178821
2026-03-05,1,0.006391467526798644,0.4895391291100231,0.5005048970575771,0.5061883389706339,0.5594894594147823,0.4753326264195412,0.518744360306747,0.49692199318411034
2026-03-06,1,0.0038035159217313375,0.5044872205435188,0.5111917337257289,0.5162902133598475,0.5631622767379747,0.4831564779747619,0.47368864841933217,0.5307359065472812
2026-03-09,0,-0.006690276936536121,0.5180019221532608,0.5329964541467404,0.5198714356130405,0.5173874153655613,0.5525415623446174,0.5053620960588397,0.49041899555559254
2026-03-10,1,0.00647756360027163,0.5359363671033973,0.548366457708613,0.5239252951435165,0.5610038698765453,0.5683187044616499,0.5631446337404657,0.5690125502472048
2026-03-11,1,0.0024968846543580447,0.5137601770444227,0.523391025128884,0.5021132299704217,0.5248038555271268,0.5003257884838648,0.5002877960611982,0.5530812846626294
2026-03-12,0,-0.001047555385559673,0.47276023086900415,0.4656918067964307,0.42871205125557205,0.5029661798188675,0.47793795919491083,0.42992124779430924,0.48245388687587343
2026-03-13,0,-0.008150438485065692,0.5277155956280815,0.5170623557124396,0.5004216290808867,0.5336104180149182,0.5146790030428421,0.530188677953957,0.5088730020279926
2026-03-16,0,-0.0026036217274345574,0.5486510972495691,0.5681803650165703,0.5704835778017697,0.6247118274100759,0.6023335177369149,0.5920594615130684,0.5616808246793171
2026-03-17,0,-0.008538758211568465,0.5312539002995659,0.5436030967847125,0.549780597152809,0.562323968093634,0.5184205373719344,0.5167578755906066,0.5363512126913775
2026-03-18,1,0.0032289630354473964,0.5062067373327347,0.5387009004827654,0.5441584966911404,0.5601116583183401,0.5603294090304576,0.5059805556472597,0.5096529177738287
2026-03-19,0,-0.013889299096427554,0.457284093531454,0.4994174010123047,0.5054589077350254,0.48063060631854015,0.5193196649520638,0.5244722053199711,0.49185088348185463
2026-03-20,0,-0.01235451330720283,0.5359393768133554,0.5520402637175698,0.5497390005859931,0.5651148234077359,0.5678813889343746,0.5461644126897286,0.5434700968670347
2026-03-23,0,-0.03633259397839761,0.5248802599353769,0.5021277829686505,0.51717798164944,0.5181369621450773,0.48041137490567165,0.4690110826610724,0.5424191093114973
2026-03-24,1,0.01783161648374909,0.5674877716785637,0.5695909802293507,0.5851804755200933,0.5948655726611226,0.5754031807345529,0.5356610230877009,0.5654253469250683
2026-03-25,1,0.013026115096050894,0.46067078924069155,0.4119412210636926,0.40483427539023914,0.44959205408036557,0.39930538478968053,0.41969145412771863,0.4172625823516809
2026-03-26,0,-0.010873794902028111,0.43742476805740166,0.4207710113386729,0.4246654614360544,0.47099118954972324,0.4626065890307115,0.43809038871197575,0.3804191248731724
2026-03-27,1,0.006335682129776643,0.5064965692761805,0.4943325058793815,0.4957162717962148,0.5126327288930014,0.5171783993263326,0.516259216521131,0.5242475329621793
2026-03-30,1,0.0024434528341803485,0.5000159337979816,0.5182337177050436,0.5366850253171802,0.5295503706669971,0.5177338821616622,0.5026116532418329,0.532023590074094
2026-03-31,0,-0.008010120085530259,0.4869086767472513,0.4939309217581949,0.49276708979113953,0.4901754967761783,0.5030623512711899,0.5235093679660962,0.4987540528364447
2026-04-01,1,0.01456655312201538,0.4788935825846037,0.565242152216881,0.5734326617776139,0.6015507298647236,0.552636540636749,0.5549021645394935,0.597294981147664
2026-04-02,0,-0.007412084227331972,0.4472593675828216,0.5129540235097245,0.5152629383293721,0.5278264014819499,0.4982661486459056,0.5136071253756304,0.5154519137551175
2026-04-03,0,-0.009998762529389804,0.5013462050808332,0.5778891228429955,0.6023051162055638,0.6085148992034238,0.5828879629819828,0.5927096430010884,0.6005057512985087
2026-04-07,1,0.002594780491312454,0.4999819735260073,0.5394091183506982,0.542920195778888,0.553368996052852,0.5564573271259741,0.5097519115942545,0.5122987903236856
2026-04-08,1,0.026948214278828875,0.4467573892664879,0.4584563644964771,0.4776623654931718,0.4745606647359469,0.4577593319407735,0.4729924192222374,0.46623536957908934
2026-04-09,0,-0.007215773324542374,0.4503591311355445,0.4649244049293056,0.4596561887399156,0.46846770122414116,0.48084258198187535,0.44153674379512675,0.44858767283070766
2026-04-10,1,0.005056262072411943,0.5155855647995762,0.5289349252447134,0.5138916054818764,0.568776819555818,0.4946025614488024,0.49039520964820815,0.5218758668460048
2026-04-13,1,0.0005852655080935687,0.4942923396231191,0.48220782055139955,0.4815570356107917,0.5148453531085752,0.5129957162425651,0.4749538631930435,0.4859573861315478
2026-04-14,1,0.009544301474367467,0.4944746411111497,0.48260617087417523,0.4734671461374839,0.5077442362572901,0.5226437430169711,0.5067044633956328,0.5062297447263088
2026-04-15,1,0.00014503457733594516,0.475097970441164,0.44632874332491,0.4509931359651374,0.4629400637458817,0.41296900778810897,0.4175138075551523,0.4144069558532177
2026-04-16,1,0.007036384991098155,0.4509365267079553,0.42955163555495307,0.4295941990229323,0.43508993973957044,0.43239285123714255,0.3987485729170358,0.42171890564158027
2026-04-17,0,-0.0010163857057999826,0.5164025452450273,0.487403416219718,0.5094651057225147,0.5086611216689777,0.48988396757231334,0.4833466652654091,0.47538902434198926
2026-04-20,1,0.007578074381236144,0.515132258888234,0.47893871513779324,0.4991559528222348,0.5139970142033892,0.5077887133087935,0.44432449491093184,0.4766564178272645
2026-04-21,1,0.0007226624747345145,0.5262798559844374,0.5137506601906399,0.5072007190738889,0.5647988279456865,0.5005825675008779,0.47995039337240414,0.4753172574807027
2026-04-22,1,0.00518496958564052,0.514943338635114,0.4679497061803861,0.44481350987354906,0.43535041018693804,0.4488169292836022,0.47548514523744684,0.4523713945863309
2026-04-23,0,-0.0031678477095203883,0.49653609666587195,0.44061897638938335,0.41367822925305076,0.4684658391313393,0.43535180459713435,0.45861281235812523,0.41561335117171855
2026-04-24,0,-0.003261467049410549,0.5489989602943178,0.5171775596711783,0.4930290277086194,0.541516254021401,0.5339052809402596,0.5400708442158582,0.479165951825673
2026-04-27,1,0.001579450476727251,0.5509153272681564,0.5232892503389626,0.5145190452401555,0.5329110187194944,0.5296987347156605,0.5079136401241963,0.5189125363168152
2026-04-28,0,-0.0018860379840757169,0.5383493236580088,0.49259532211427437,0.4757142938965513,0.5080000505596065,0.49634828833393707,0.5232857921127168,0.4898978810910454
2026-04-29,1,0.007080061304793661,0.5167243812277488,0.4805295820248588,0.5025188407145914,0.5029675475290837,0.44830100879773566,0.4698666850717563,0.46479556539372124
2026-04-30,1,0.0011308543318415687,0.5032356967992389,0.4813796618211141,0.4806327055833157,0.5142625444176107,0.47819073887661917,0.48324985946869825,0.5004702031550515
2026-05-06,1,0.011676348117862334,0.5266826606396537,0.5204915229302501,0.5475461399964552,0.4586932211472882,0.4832638057269287,0.5368946340354412,0.4827661506411862
2026-05-07,1,0.004787780511103623,0.5151323377489767,0.5428934665012941,0.5775510268053933,0.5080668864590067,0.5616858858231156,0.5194985474936041,0.549876603978745
2026-05-08,0,-3.349208581993057e-05,0.5676789761092798,0.5705797189861879,0.599914720865107,0.549632330050354,0.5767145916823453,0.5343036465650509,0.5731164838176077
2026-05-11,1,0.010782181230789112,0.5669390495635461,0.5688898634694315,0.5738923237147271,0.5501530031630005,0.5602092553832575,0.5640643055659136,0.5816331859400361
2026-05-12,0,-0.0024927686749959266,0.5773678139563889,0.5636464581401487,0.590026171112299,0.5111778248004366,0.5616220644330804,0.5872738034794148,0.5662309350017979
2026-05-13,1,0.006663441285527316,0.542478859464194,0.527097343247327,0.5866242171025599,0.504784356713362,0.5506490970329531,0.49737922039382715,0.5058866184941815
2026-05-14,0,-0.015239340664106704,0.5210598037674755,0.5073345633030544,0.5379812792585573,0.5060288487915329,0.538392710898956,0.4750330298495387,0.5177380221328551
2026-05-15,0,-0.010179472167715975,0.5747822223341809,0.5476176555830864,0.6005510698066667,0.5422018355977264,0.5256913060149536,0.5150434646732971,0.5463814539273962
2026-05-18,0,-0.000933648563653855,0.5560294624523147,0.5487335553975641,0.605603149751857,0.5292493100539348,0.5568317940934198,0.5184779696442169,0.5310709634399737
2026-05-19,1,0.009199986058426646,0.5312621145343875,0.5357029157616906,0.5842068276956208,0.5280937601597168,0.5306823123555825,0.501189591760025,0.5569777266269569
2026-05-20,0,-0.001763504733617749,0.5107516701305618,0.49013562657684934,0.5402139719933906,0.4804657265188693,0.519753546429816,0.4548741509689867,0.51377678058762
2026-05-21,0,-0.020399862091665888,0.4844260135336893,0.48961733219912795,0.5307008201627496,0.4754415065270774,0.46696165177053794,0.4969551158838439,0.49342814183199346
2026-05-22,1,0.008736958514224069,0.5679813624590144,0.5406532853520941,0.5830694126030611,0.4901723411088635,0.5223178481553231,0.5565063587440117,0.5243102087278363
2026-05-25,1,0.009645019329427074,0.5198205225395609,0.48824820141220904,0.5215235883677826,0.4774613152506284,0.486787768336328,0.5166500414882472,0.5097656148242975
2026-05-26,0,-0.0017329031739149459,0.5198232480599583,0.5233086392403301,0.5522575198809633,0.46070221106950193,0.48690772826311807,0.5059591608050645,0.5210069771647798
2026-05-27,0,-0.012458709988220518,0.5088594310493938,0.5165295793852797,0.5570915271535699,0.49192781282666637,0.5150511569977783,0.5443087961109228,0.45417862472886555
2026-05-28,1,0.0011991517753873193,0.5009318259640405,0.4927906819631006,0.5380363049997626,0.4718442171678809,0.498457407048231,0.48190937415894003,0.5010489119966101
2026-05-29,0,-0.00733585514790791,0.513316575606333,0.5162611867145127,0.5623311638262044,0.5084091007939937,0.48496879178314195,0.5170959689095292,0.5061459986871127
2026-06-01,0,-0.002661623779761424,0.5187926999992777,0.5478817815577495,0.5630723337985777,0.49857129926571336,0.5523758224442952,0.5402436098928309,0.5310159539311868
2026-06-02,1,0.004278736439495834,0.5163979964228894,0.5268813993212507,0.5760176248720011,0.5124447767679029,0.5136783213523971,0.5808704502565226,0.5041736449211186
2026-06-03,1,0.002177123419242033,0.4892614292746025,0.513521535234112,0.5500957291848667,0.5155667973087912,0.5478495362453342,0.4840112753325126,0.5185272636262224
2026-06-04,0,-0.006413605963211388,0.46073211317847235,0.49770542476370644,0.5282263363435769,0.48720502716011155,0.48713696050403943,0.5135804561694922,0.5073723001424941
2026-06-05,0,-0.0074042931345974505,0.5187978344161409,0.5189728739985845,0.5748586622266693,0.4580073199718574,0.49726615124778173,0.4959495207765124,0.5063671299027922
2026-06-08,0,-0.01698174855551593,0.5203313054624925,0.5153161556397626,0.5217884659609429,0.49184750176374553,0.4988310873283947,0.538259618994942,0.5249477497435571
2026-06-09,1,0.012803402993126545,0.5483747612095254,0.5504375427782895,0.545686209216132,0.5877047883859741,0.5165588060306037,0.5438652507584396,0.5681388616315708
2026-06-10,0,-0.004190740670084514,0.4708950573169408,0.4746523615031217,0.47512011503119617,0.5126168008031073,0.474180187532731,0.49576733776745635,0.4735563785382945
2026-06-11,0,-0.0015553840428766952,0.44217581361152836,0.44373413802480016,0.4239295854047004,0.43543820716831694,0.4346717225840716,0.4144856680142846,0.4581575612488334
2026-06-12,1,0.011160730521455386,0.4933695446584441,0.4813329260770401,0.47638512592895277,0.49371240198772465,0.47474017731107576,0.44761999638861105,0.48746750847318243
2026-06-15,1,0.016112809260443894,0.5193299558470673,0.5093070719311334,0.5086039507964951,0.4790806092099999,0.5150202004258655,0.478520078690418,0.49040717687384633
2026-06-16,0,-0.0011180352264094084,0.5330403058898439,0.532962823211723,0.5413845197401344,0.5639075825642743,0.5207681327707697,0.49914737863666997,0.5236635100929394
2026-06-17,1,0.003955138600921115,0.49101630993078754,0.4870667402988251,0.4872333159921695,0.5016714739578048,0.5122690492309365,0.4534397105342283,0.4823726391341288
2026-06-18,0,-0.004283026896289122,0.46431838081480237,0.4820347550819399,0.4976907349866707,0.4475348090942503,0.47048681523502855,0.48910813314276147,0.4488096584108121
2026-06-22,1,0.017752435471525052,0.523751067251187,0.49554934830830993,0.4728585593894463,0.5083280611917592,0.4903118493403166,0.525313424199534,0.5112525023474784
2026-06-23,0,-0.013654498081596356,0.5466440270109078,0.509447124935859,0.4982577419119494,0.5145128037281753,0.5312702267103782,0.49459618094508995,0.5264876769498027
2026-06-24,1,0.0011107452733050138,0.5214752987439043,0.5127814454105465,0.4899755057237851,0.5449275123123519,0.4882428283985419,0.5415630006412335,0.47771303564951045
2026-06-25,1,0.0023031940397191253,0.45678726343883225,0.40066818060479237,0.39487338667161126,0.41203174507465345,0.3946624680901647,0.38956270167544804,0.3938537439090756
2026-06-26,0,-0.0225751593155904,0.5082164555494195,0.48679826437767965,0.48312051689076596,0.508796128972921,0.48850449355570286,0.4879588265870199,0.4901339197108488
2026-06-29,1,0.011580315673291874,0.5428051591830412,0.5338348574784072,0.5312041068570083,0.5681369198782665,0.5263282958214197,0.5250082624381891,0.5057957311543254
2026-06-30,1,0.0050308033919324036,0.5198786936076097,0.5256340798237358,0.5173196783784368,0.5577682342905157,0.5083964663407655,0.5805131854996421,0.5414277592152111
2026-07-01,1,0.004407975093768224,0.48716675173343005,0.5130014412673373,0.4787822154232759,0.5074178144942523,0.5187937257306188,0.48521496009441795,0.49460983955086546
2026-07-02,0,-0.020314192651816554,0.4675336243192017,0.4730755875193313,0.4683911555812832,0.4877664561041174,0.4595058403618829,0.4891906229828075,0.45403213889996286
2026-07-03,1,0.0036583150156965782,0.5620195582332912,0.5817483275674913,0.5693456324625247,0.5910281243753766,0.5608865941506554,0.5563360883334497,0.5817169974920928
2026-07-06,0,-0.000594760714533904,0.49810010639750285,0.5020213870196973,0.49952179445872086,0.5305953351236474,0.4833536522569433,0.5252871063724893,0.47906034146337073
2026-07-07,0,-0.01262063753730902,0.4973455971696464,0.5368492354979876,0.5271704657506641,0.5568619096337034,0.5267075790704991,0.5296929467965673,0.5502716940188991
2026-07-08,0,-0.004850591506515234,0.5007495494221293,0.5169392057645323,0.5074809673784557,0.5152123647648988,0.4976888351433326,0.5372678562932947,0.5159484301367574
2026-07-09,1,0.01654746554919817,0.4453038767934478,0.467808086785057,0.4616753070794638,0.48274741800829757,0.4566469088128305,0.43761215958480076,0.5064898053823952
2026-07-10,0,-0.010014893766715938,0.5151576963576922,0.535682191496161,0.5121003926917549,0.5705020745868352,0.5727424145984981,0.5002713031114101,0.5421463140073918
2026-07-13,0,-0.020611777000031473,0.52399533549583,0.5275022152555509,0.5105072395868798,0.5413145004657749,0.5558933627203718,0.541583975415928,0.5527606279360084
2026-07-14,1,0.01362667529256778,0.5458842770544525,0.5525207449801389,0.557727182662169,0.5675965696298587,0.5470320724129443,0.5164486877326658,0.5658189606682568
2026-07-15,0,-0.002910923424161549,0.481505776664552,0.4715032763563109,0.47587807856482583,0.489683472477618,0.4513022994087252,0.4358502866417335,0.4676829494319396
2026-07-16,0,-0.01849666470993616,0.4360065314536438,0.43541913592378484,0.4374977876889002,0.4300638363444694,0.4174456074686554,0.4431574413356376,0.43347020801545516
2026-07-17,0,-0.030459922733619527,0.5279582429513243,0.5222910618937159,0.5256600061812244,0.5221058777974451,0.5181746655728943,0.5382542701089541,0.5271654507207968
2026-07-20,1,0.008534717619226528,0.5403727710217916,0.5323213535738195,0.5459749440657237,0.5459229490285753,0.5368702715794509,0.5598392749011487,0.5210055653039315
2026-07-21,1,0.01793492104509653,0.4739442981345626,0.4885969434131021,0.5030087128489844,0.4840349346855501,0.5121865930496469,0.47345743343158936,0.4682401808943896
2026-07-22,1,0.0006901518411681629,0.4850187977907809,0.4642796423752442,0.4771687398541778,0.47606248456783035,0.4789650168148074,0.49227192669697795,0.4565033354119217
2026-07-23,1,0.0025195020266177703,0.44783626644222696,0.42043057904218045,0.3973084170298893,0.4408115052658437,0.36611860463465823,0.40967300550834373,0.4362075120444039
2026-07-24,0,-0.016142016938296977,0.4945442973635057,0.49421067230369786,0.48264716537031305,0.5114166203029114,0.52000447746954,0.4943334754014113,0.5176247117544348
2026-07-27,1,0.011548168186339636,0.5189988025792702,0.5234557762358731,0.5199947663222855,0.5255187922820869,0.5545169105930516,0.5134308670270712,0.5187219408539552
2026-07-28,0,-0.011645191013012313,0.4879032546391318,0.473648943086497,0.464775242904498,0.47267028036954256,0.45242207283638347,0.5290188360824349,0.4738617976654521
2026-07-29,1,0.0039739701545769,0.48299808350198525,0.47933355030549313,0.451600190407512,0.4949899712454995,0.4947212136538105,0.45078916979066874,0.48866170098261275
2026-07-30,0,-0.006210315402841116,0.43098893527750887,0.4413112109284696,0.4083084193463111,0.47740308628352296,0.42152108027190405,0.4582439892755125,0.45353215431700206
2026-07-31,1,0.007246051126858388,0.5059904355512305,0.5074053399389677,0.4745177090332526,0.5025816089104109,0.48970674972819933,0.4846836982029033,0.5159076266765585
2026-08-03,0,-0.005897039398663262,0.48879732825036826,0.5223109213263404,0.4854992644417784,0.5384518640503557,0.5139847394077479,0.5451272969710168,0.48987796152721147
2026-08-04,1,0.0033131539456376924,0.5084215510782791,0.5548665946461274,0.5548537419318029,0.5718077499435812,0.5533720215661646,0.5480003866262241,0.5320641825722693
2026-08-05,1,0.014688857581263592,0.4747653687719064,0.48198100421793993,0.4736011059843801,0.4774121727056918,0.47005018463957454,0.5055525780311391,0.4729844152191424
2026-08-06,1,0.005652287136805434,0.4746893915257147,0.475724856651584,0.48141571268671907,0.47653427755602484,0.46740481140956575,0.44653887845908147,0.47800696304505175
2026-08-07,1,0.010174722691695504,0.5184493192675895,0.5538315086315507,0.5471432096138412,0.5612667530552322,0.49404828396969075,0.5203134551047288,0.5571161001505207
2026-08-10,1,0.006740292032790585,0.5286593208774897,0.5309455431409706,0.528405195133333,0.5335013384764767,0.5158849522716484,0.5457812579892288,0.5474467164435697
2026-08-11,0,-0.008193679514465146,0.5296774516146853,0.5296321647380181,0.5422514933698404,0.5618438050726716,0.5348615215430049,0.550251975949381,0.5154539337174407
2026-08-12,1,0.0031981958738647176,0.5001274298551377,0.48508883926372753,0.48215384925190125,0.5000344605607011,0.5156025661084342,0.514524928376293,0.5042247377421709
2026-08-13,0,-0.0049940772929111255,0.4528393373924716,0.4351522149648911,0.4460543732978251,0.4553858358815672,0.41397150461468285,0.400226452159852,0.42857411263038286
2026-08-14,1,5.3731062028772314e-05,0.5116125204734185,0.4951776931186136,0.5024964673775195,0.4866003757753394,0.49379212872549544,0.503510715026795,0.478237028406737
2026-08-17,1,0.014126690527748176,0.5207837837073046,0.5147886157645967,0.5310165340336517,0.534467808507986,0.4996464088682021,0.5471081069697639,0.5013969835665706
